age,bmi,systolic_bp,risk_score
39,26.97,106.0,29.6
46,28.73,121.0,38.9
48,25.34,127.5,40.6
61,28.58,150.0,81.6
46,23.1,130.0,38.9
43,30.3,180.0,52.2
63,33.11,138.0,81.8
45,21.68,100.0,30.2
52,26.36,141.5,47.3
43,23.61,162.0,45.0
50,22.91,133.0,42.4
43,27.64,131.0,38.9
46,26.31,142.0,43.2
41,31.31,124.0,37.2
39,22.35,114.0,29.7
38,21.35,140.0,60.1
48,22.37,138.0,42.0
46,23.38,112.0,59.6
38,23.24,122.0,31.4
41,26.88,139.0,39.2
42,21.59,108.0,30.0
43,29.89,123.5,37.9
52,34.17,148.0,52.1
52,25.11,132.0,44.4
44,21.96,137.5,39.0
47,24.18,102.0,58.1
60,26.59,110.0,45.1
35,26.09,132.0,32.9
61,32.8,182.0,91.3
60,30.36,130.0,51.6
36,28.15,102.0,27.0
43,27.57,115.0,34.9
59,20.77,150.0,77.1
61,18.59,134.0,73.6
54,24.71,147.0,49.4
37,38.53,124.5,37.4
56,28.09,153.5,53.8
52,40.11,160.0,57.4
42,28.93,153.0,44.2
36,27.78,111.0,29.1
43,26.87,116.5,35.0
41,23.28,122.0,33.5
52,25.09,148.0,73.4
54,26.21,132.0,46.3
53,21.51,206.0,87.2
49,20.68,96.0,31.6
65,30.47,179.5,67.6
46,23.59,119.0,36.4
63,22.15,116.0,72.0
36,24.33,139.0,34.7
63,27.1,156.5,84.1
51,23.47,112.0,38.1
47,19.66,130.0,38.3
62,28.27,145.0,56.0
39,22.54,115.0,30.1
46,20.35,116.0,34.3
54,17.61,114.0,38.3
49,25.65,143.5,45.4
44,22.29,115.0,33.5
40,25.45,158.0,67.7
56,23.58,121.0,43.9
67,24.25,157.0,60.9
53,19.64,123.5,40.8
57,24.88,126.5,46.5
57,26.84,136.0,74.6
63,28.6,154.0,59.0
62,29.64,190.0,67.8
38,23.01,107.0,27.6
47,20.13,112.5,34.1
52,23.51,110.0,38.3
63,29.35,164.5,62.0
42,28.61,116.0,34.8
37,33.29,119.0,34.0
41,33.8,150.0,44.7
44,22.16,110.0,57.2
59,34.55,138.5,79.7
44,24.04,155.0,44.2
44,21.16,115.0,33.0
45,45.8,151.0,52.6
41,30.58,152.0,43.9
60,26.52,179.0,62.4
39,32.51,155.0,69.1
53,22.49,138.0,45.6
52,26.03,124.0,42.8
61,29.35,182.0,64.9
36,22.73,113.0,27.5
62,23.89,138.0,52.5
61,38.46,200.0,73.1
41,28.56,124.0,36.1
41,25.42,121.0,34.1
53,18.23,138.0,43.9
39,24.8,132.5,35.3
51,27.38,102.0,37.2
66,28.55,154.0,61.1
60,28.57,126.0,74.9
65,29.33,123.0,53.0
63,26.64,134.0,53.3
56,23.72,180.0,58.7
56,22.36,121.0,43.4
47,27.98,132.5,42.2
60,29.66,141.0,54.1
45,20.68,110.0,32.3
48,24.23,145.0,44.5
42,23.25,100.0,28.7
63,26.76,135.0,53.6
42,26.93,115.0,33.9
40,27.54,138.0,63.5
66,40.52,187.0,99.0
49,29.62,123.0,41.9
67,25.75,139.0,57.0
51,26.09,145.0,47.4
48,23.62,138.0,42.5
64,24.37,158.0,59.0
41,42.15,136.0,44.6
50,32.23,127.0,69.6
60,26.4,160.5,82.7
37,18.38,100.0,23.3
36,21.93,112.0,27.0
50,25.09,157.0,49.3
39,26.12,105.0,29.0
46,20.2,112.0,33.3
66,29.29,109.0,50.2
46,36.81,135.0,45.7
55,24.45,158.0,52.8
41,29.44,112.5,33.6
44,25.95,128.0,38.2
38,25.87,118.0,31.4
43,25.1,115.0,33.9
41,24.81,112.0,31.6
53,21.84,106.0,37.3
43,25.5,109.5,32.7
59,24.07,134.0,49.4
56,25.54,128.0,46.4
50,28.69,121.0,41.7
46,26.4,131.0,40.5
43,24.03,131.0,37.5
61,25.63,124.0,74.0
41,20.5,154.0,65.4
49,28.21,127.5,67.5
55,24.27,138.0,72.7
43,24.3,100.0,29.8
40,26.82,117.5,33.1
57,38.39,151.0,83.0
56,32.99,136.0,51.4
48,31.61,149.0,73.5
59,25.97,141.0,51.9
47,22.02,153.0,45.0
64,26.49,123.0,76.1
54,28.92,180.5,59.5
64,26.24,130.0,52.8
61,23.37,142.0,52.5
61,31.13,136.5,79.3
66,25.32,212.0,99.0
38,22.79,125.0,32.0
39,28.34,134.0,37.1
58,23.36,153.0,53.2
49,21.83,150.0,45.5
49,28.35,191.0,58.4
46,24.19,108.0,33.9
36,20.41,121.5,28.7
41,30.77,139.0,40.8
47,26.15,118.0,37.9
57,23.5,102.0,39.8
50,28.04,117.5,40.6
62,42.0,173.0,68.5
39,21.19,109.0,28.0
37,24.43,110.0,28.2
48,24.12,109.0,60.5
46,22.51,144.0,42.2
52,28.86,129.5,70.3
38,21.66,122.0,30.8
50,25.26,110.0,37.6
39,19.24,111.0,27.7
55,27.23,124.0,45.4
62,26.51,158.0,58.5
60,27.61,182.0,88.5
61,25.45,122.0,48.4
39,27.27,117.5,32.6
42,22.54,110.0,30.9
37,23.67,112.0,28.4
42,26.79,128.0,37.1
36,18.99,118.0,27.3
53,23.95,128.0,43.7
67,25.95,125.0,53.5
52,24.53,158.0,50.7
45,16.75,117.0,32.5
56,30.76,138.0,76.0
42,23.25,125.0,35.0
55,28.96,144.5,51.2
38,28.82,133.0,61.4
56,20.12,109.0,64.5
61,28.63,127.0,50.9
45,23.79,135.0,64.8
42,22.9,128.0,60.6
49,22.89,106.0,35.0
48,30.85,117.0,65.2
55,22.91,157.0,51.9
58,29.06,170.0,59.7
60,29.51,137.0,53.1
38,18.76,111.0,26.9
53,23.59,110.0,39.0
52,22.93,94.0,34.1
41,29.79,119.5,35.5
37,21.48,135.0,33.2
42,23.75,144.0,64.9
64,27.53,155.0,59.6
56,27.3,117.5,44.5
67,25.81,128.0,79.2
43,20.65,125.0,34.6
45,20.27,124.0,35.6
61,25.74,143.0,53.7
66,26.04,166.0,63.1
34,23.88,107.0,25.1
52,26.79,126.5,43.7
45,22.3,139.5,40.3
43,25.91,115.0,34.2
49,28.57,114.0,39.2
57,22.37,123.0,44.6
48,22.72,96.0,31.7
36,23.71,117.5,29.1
38,29.29,124.0,34.3
60,29.17,130.0,51.2
40,23.05,106.0,28.7
43,21.95,160.0,43.9
53,29.56,142.0,49.4
54,31.3,135.0,74.1
56,29.44,177.5,85.4
50,27.61,131.0,43.8
46,27.78,136.5,42.4
53,27.35,128.0,70.0
59,23.29,129.0,47.9
48,28.62,112.5,38.2
48,26.73,159.0,49.0
54,24.85,128.0,69.7
36,22.53,108.0,26.2
59,27.06,155.0,55.9
55,26.89,124.0,45.3
55,27.15,122.0,69.9
40,26.32,129.0,35.8
65,24.04,139.0,54.9
65,29.35,148.0,84.2
45,21.99,134.0,38.8
40,18.06,124.0,31.2
63,20.12,130.5,49.8
46,30.62,147.0,46.2
61,22.82,133.0,75.1
40,21.19,114.0,55.0
55,21.97,107.5,39.2
60,44.27,200.0,74.7
38,33.61,117.0,34.3
58,21.81,144.0,50.3
39,20.59,109.0,27.8
61,21.9,124.0,47.5
51,19.36,125.0,39.7
60,28.77,189.0,65.8
36,29.77,168.0,44.1
39,30.96,139.0,39.4
42,24.85,108.0,31.3
60,36.29,197.5,95.9
52,24.59,146.0,47.7
47,27.33,137.0,43.1
46,25.43,150.0,44.9
64,29.73,147.0,58.4
57,38.14,134.0,53.7
45,22.32,107.5,32.3
45,24.15,156.5,70.3
55,27.78,140.0,49.6
41,24.26,134.0,36.9
50,27.07,125.0,42.1
54,29.06,139.0,74.2
57,24.22,174.0,58.1
62,25.49,129.0,50.8
43,20.06,100.0,28.1
46,31.24,136.0,43.7
53,24.11,127.5,43.6
52,29.29,129.0,45.4
67,25.23,147.0,83.7
42,23.78,127.5,35.8
45,22.36,109.0,32.7
51,21.94,132.0,67.5
60,25.82,123.0,48.1
35,22.0,122.5,28.9
39,20.51,100.0,25.5
68,30.28,142.0,85.2
54,22.02,98.0,36.1
38,21.1,105.0,26.3
39,24.1,105.0,28.2
36,23.86,111.0,27.5
36,25.14,126.0,31.8
44,22.19,131.5,37.6
48,26.22,116.0,38.1
54,22.16,125.0,42.9
45,23.47,131.0,38.6
41,26.74,117.5,33.8
51,21.52,124.0,40.3
34,21.5,101.0,22.6
41,28.39,130.0,37.6
62,35.2,130.0,55.0
38,29.77,121.0,33.8
48,24.73,129.0,40.7
55,26.2,117.5,43.4
55,30.24,158.5,55.2
46,21.17,97.0,29.9
36,32.63,118.0,57.8
52,23.74,109.0,38.1
49,23.94,101.0,34.1
39,23.09,97.0,25.8
54,22.19,137.5,46.1
47,24.16,114.0,36.1
62,21.61,151.5,79.9
39,19.97,110.0,27.8
45,27.87,140.0,42.6
39,25.54,113.0,30.8
46,21.4,107.0,32.5
63,21.05,168.0,59.5
41,33.11,157.0,46.2
44,26.41,125.0,37.6
37,22.71,115.0,28.7
44,17.44,118.0,32.3
49,29.69,148.0,48.2
53,24.22,131.0,44.5
51,31.23,112.0,41.2
43,26.72,133.0,39.0
60,22.36,127.0,72.7
39,23.22,97.5,26.0
56,29.64,125.0,47.3
59,19.88,189.0,86.5
56,27.96,123.0,46.1
43,24.33,120.0,34.8
48,21.35,101.0,32.4
61,29.04,110.0,46.8
55,25.2,204.0,64.6
39,26.5,145.0,39.2
42,22.5,126.0,34.9
51,29.91,126.5,69.3
54,28.47,143.5,50.1
52,24.36,157.5,50.5
64,27.59,160.0,60.8
58,23.06,158.0,79.3
42,23.85,105.0,30.2
41,18.48,111.0,28.8
43,23.16,126.0,60.9
63,20.2,136.0,76.2
46,25.11,138.0,41.7
53,28.78,144.0,49.6
41,26.09,128.0,36.1
53,27.09,130.0,45.4
59,26.89,110.0,44.6
45,22.86,157.5,45.0
49,19.26,110.0,34.5
41,21.51,106.0,28.8
39,25.38,121.0,32.7
50,25.77,137.0,44.6
58,24.77,114.0,44.0
53,25.82,140.5,47.6
54,21.31,127.5,43.2
40,21.21,118.0,31.0
51,25.08,171.0,78.5
40,23.27,146.0,63.8
38,22.73,100.0,25.7
48,24.53,118.0,37.9
46,24.01,98.0,56.3
59,26.46,106.0,43.4
37,22.7,130.0,32.5
40,21.86,133.0,35.0
59,28.04,114.0,71.0
46,29.0,128.0,40.8
67,22.91,215.0,99.0
40,24.06,122.0,33.1
55,32.35,159.0,81.2
52,25.02,145.0,47.7
42,23.68,95.0,27.6
54,27.91,156.0,53.0
58,29.5,155.0,81.1
45,23.85,116.0,60.0
67,15.54,122.0,48.6
68,24.68,109.0,49.7
61,26.98,170.0,61.0
55,31.35,123.0,46.8
42,29.02,125.0,37.3
53,27.45,165.0,54.3
39,27.17,135.0,36.9
40,19.98,122.5,31.6
39,27.23,120.0,33.2
63,27.18,178.0,64.5
55,31.82,124.0,47.2
39,28.28,127.5,35.5
39,23.87,111.0,29.6
51,25.62,146.5,47.6
54,26.64,117.0,67.7
48,25.94,124.0,40.0
51,24.76,134.0,44.1
65,29.75,149.0,84.7
65,21.66,165.0,85.4
39,24.35,136.5,36.2
47,21.34,122.5,37.1
59,26.84,132.5,75.2
66,31.42,159.0,63.5
56,23.44,138.0,48.1
41,25.13,113.0,32.0
41,29.73,113.5,34.0
41,18.58,116.0,30.1
45,25.34,119.0,36.4
37,27.45,138.0,36.4
43,29.25,141.0,42.0
46,34.36,188.0,57.9
41,25.52,137.0,38.2
44,39.88,177.5,56.1
36,26.23,131.0,33.4
60,23.02,156.0,55.2
46,23.51,122.5,37.2
44,26.38,135.0,40.1
55,27.51,197.0,63.8
61,21.93,130.0,49.0
45,21.79,111.0,33.0
45,22.98,148.0,42.7
37,27.47,128.0,33.9
52,24.25,119.0,40.9
46,19.2,90.0,27.4
44,36.12,122.0,40.7
42,20.62,112.5,30.8
58,35.58,160.0,59.8
38,24.03,110.0,28.7
51,18.8,98.0,57.7
64,30.18,135.0,55.6
53,21.14,120.0,40.6
59,27.49,134.0,50.8
65,28.35,152.5,60.0
40,22.36,109.5,29.3
57,18.59,96.0,36.3
48,36.11,117.5,42.4
45,45.79,180.0,59.8
40,24.01,120.0,32.6
43,31.07,165.0,48.8
54,29.18,170.0,57.0
45,25.01,141.0,41.8
36,25.84,124.0,31.5
63,27.61,113.0,48.4
33,21.61,116.0,25.7
56,27.72,140.0,50.3
43,21.08,107.0,30.3
60,25.94,95.5,41.3
44,26.72,146.0,43.0
61,24.35,130.0,49.9
61,30.77,209.0,72.3
46,27.48,112.5,36.3
38,23.68,113.0,54.3
48,31.16,115.0,39.8
55,20.53,112.0,39.7
50,22.54,132.0,42.0
46,25.13,107.5,34.1
47,27.65,127.5,40.8
44,26.62,136.5,40.6
44,22.17,112.0,32.7
41,25.25,119.0,33.6
55,26.57,129.0,46.4
47,22.53,150.0,44.4
48,21.1,109.0,34.3
40,27.9,124.0,35.2
35,25.71,110.0,27.3
49,25.04,135.0,43.1
38,29.6,146.0,39.9
50,29.46,152.0,49.8
38,30.02,154.0,42.1
57,21.08,125.0,44.6
53,31.22,127.0,46.3
44,25.71,110.0,33.6
47,23.45,162.5,47.9
56,25.94,134.0,48.1
61,28.15,177.5,88.3
38,27.26,122.0,33.0
56,25.11,107.0,41.0
46,27.22,150.0,45.6
53,19.82,116.0,39.0
49,27.38,127.0,42.0
46,21.51,125.0,37.1
37,19.56,138.0,33.2
50,26.26,145.0,46.8
51,24.03,145.0,46.6
64,38.82,295.0,99.0
44,29.15,158.0,72.0
37,26.75,125.0,32.8
62,29.35,126.0,51.6
54,25.72,145.0,74.3
39,27.16,120.0,33.2
47,26.2,134.0,41.9
44,23.74,150.0,42.8
51,21.14,98.0,33.7
41,20.18,108.5,28.9
63,26.76,130.0,52.3
46,26.8,134.0,41.4
40,31.69,135.0,39.4
56,21.91,134.0,71.5
44,27.51,114.0,35.3
51,22.26,137.0,43.9
45,29.17,151.0,45.9
56,24.04,111.0,41.6
60,26.69,113.0,45.9
40,24.4,103.0,53.5
52,23.09,155.0,49.4
64,28.87,132.0,54.3
38,24.67,145.5,37.8
50,24.19,144.0,45.7
41,20.47,108.0,28.9
57,25.84,160.5,55.4
51,31.16,139.0,47.9
50,24.91,134.5,43.6
46,23.48,115.5,35.5
53,30.1,132.0,47.1
54,26.77,132.5,46.6
65,29.93,155.0,86.2
58,24.25,137.5,49.7
56,22.67,133.0,46.5
46,26.55,135.0,41.6
64,28.66,130.0,53.8
43,24.89,155.0,43.8
35,22.78,122.0,29.1
46,31.46,107.0,36.5
59,19.77,117.5,68.6
50,23.06,129.0,41.5
62,30.84,148.0,82.7
53,27.08,132.0,70.9
52,29.63,173.0,81.5
57,24.79,119.0,44.6
46,34.84,130.0,43.6
49,27.17,122.5,40.8
47,20.57,105.0,32.4
65,24.33,120.0,50.2
41,24.56,125.0,34.8
61,37.41,189.0,69.9
41,22.29,113.0,30.9
53,24.64,123.0,67.7
36,30.92,145.0,38.8
43,30.55,105.0,33.6
37,28.07,130.0,34.6
62,23.88,171.0,60.7
64,16.59,114.0,44.9
40,22.55,125.0,33.3
49,21.42,118.5,37.5
49,26.85,131.0,67.8
46,19.98,115.0,33.9
47,22.42,145.0,68.1
38,21.8,110.0,27.8
39,26.47,132.0,35.9
43,24.42,117.0,34.1
43,22.36,112.0,32.0
50,26.29,121.5,40.9
48,32.58,144.0,47.6
45,26.6,114.0,35.6
55,36.62,128.0,75.1
61,22.73,149.0,54.0
53,29.82,174.5,82.7
50,22.18,140.0,43.9
40,16.69,110.0,27.2
50,26.39,129.0,42.8
56,25.79,130.0,47.0
44,21.33,136.5,63.5
37,23.09,120.0,30.1
42,24.56,122.5,34.8
54,19.63,113.5,39.0
39,30.36,128.0,36.4
38,30.24,117.5,33.1
42,21.96,116.0,32.2
55,26.27,125.0,45.3
60,29.23,165.0,84.9
66,20.49,188.0,66.4
34,20.81,108.0,24.1
44,23.29,135.0,38.9
49,29.07,121.0,41.2
50,25.74,133.0,43.5
47,20.27,120.0,36.0
63,24.85,150.0,81.5
39,24.12,148.0,38.9
43,26.84,122.0,36.3
59,30.28,182.0,88.9
37,28.41,115.0,31.0
41,23.27,121.5,33.4
59,28.83,163.0,83.6
51,37.48,139.0,75.4
62,26.97,117.0,48.4
51,27.42,146.0,48.2
46,22.89,125.0,37.6
37,25.83,118.5,30.9
60,32.53,142.0,55.5
52,20.87,98.0,34.2
40,24.01,116.0,31.6
52,27.01,185.0,58.5
45,23.87,126.0,37.5
60,24.22,220.0,71.7
41,23.54,116.0,32.1
39,30.22,115.0,58.1
46,32.49,123.0,65.9
40,20.68,125.0,32.5
44,28.04,119.0,36.8
38,27.05,121.5,32.8
60,26.98,144.0,53.8
42,21.93,120.0,33.2
44,24.44,123.0,36.3
47,21.66,113.0,34.8
55,24.5,103.0,39.0
48,27.61,132.0,67.6
61,30.74,140.0,80.0
62,19.53,164.0,82.2
64,25.16,145.0,56.1
46,22.54,120.5,61.3
54,23.81,145.0,48.6
42,17.81,116.0,30.5
41,18.86,122.5,31.9
55,28.35,155.0,78.6
35,19.64,98.5,22.0
40,23.65,107.0,29.2
44,20.56,108.0,31.0
52,24.29,127.5,43.0
63,24.3,120.5,48.9
39,27.29,117.5,32.6
51,23.63,161.0,50.4
59,25.63,148.0,53.6
51,29.38,139.5,72.3
67,22.11,127.5,77.6
47,22.35,127.5,38.7
64,26.81,116.0,74.5
50,23.3,105.0,35.6
63,24.42,180.0,88.9
39,29.23,123.0,34.7
38,24.58,115.0,30.2
42,24.23,96.0,28.1
38,19.53,130.5,32.0
52,21.48,117.0,39.2
60,26.67,168.5,59.8
41,27.8,129.5,37.2
41,18.21,148.0,38.0
56,30.78,134.5,50.1
38,23.47,117.5,30.4
63,23.62,176.0,62.5
42,19.27,111.0,29.9
40,20.99,109.0,28.6
51,26.98,125.0,42.7
60,25.23,141.0,52.3
40,31.96,131.0,38.5
34,29.04,119.0,30.2
40,27.91,123.5,35.0
54,26.89,163.5,54.4
36,27.08,117.0,30.3
39,28.73,116.0,32.8
38,20.39,127.5,31.6
37,26.81,128.5,33.7
39,20.56,128.5,32.6
60,27.49,134.0,51.5
58,22.54,134.0,48.1
56,23.17,111.0,41.2
50,18.99,128.5,39.7
57,27.6,148.0,52.9
41,23.47,107.0,29.8
40,19.11,129.0,32.9
51,29.86,130.0,70.1
43,21.73,121.0,34.0
36,26.03,112.0,28.6
64,22.89,127.0,50.7
50,25.35,126.5,41.8
51,24.16,126.0,41.9
49,25.94,138.0,44.2
59,25.83,167.0,83.4
62,32.19,205.5,72.7
56,25.68,150.0,52.0
57,26.24,136.0,49.4
48,26.25,118.5,38.7
38,23.88,112.0,29.2
49,23.1,145.0,44.8
65,28.38,138.0,56.4
42,24.58,115.0,33.0
45,28.57,110.0,35.4
58,30.08,126.0,49.1
38,31.39,119.5,34.0
53,39.6,141.5,53.3
48,31.67,119.0,41.0
58,27.73,167.5,58.6
60,28.36,130.0,50.8
36,26.13,110.0,28.2
55,20.56,136.5,45.8
54,26.58,148.0,75.4
45,29.32,166.0,49.7
64,25.81,144.0,56.1
49,21.6,137.0,42.2
45,25.92,152.5,45.0
48,24.87,127.0,40.3
45,22.02,119.0,35.1
57,18.64,125.0,43.6
64,29.29,172.5,89.6
60,25.45,183.0,62.9
50,21.45,126.0,40.1
58,23.17,145.0,51.1
40,27.47,146.0,40.5
38,18.18,117.0,28.1
54,23.09,132.5,70.2
39,26.97,105.0,29.3
46,21.5,117.0,35.0
60,23.06,186.0,62.7
62,28.96,183.0,65.7
60,24.48,118.0,46.3
40,25.88,110.0,30.9
54,23.28,136.0,46.1
47,28.59,109.0,36.6
58,21.24,135.0,47.8
51,26.28,140.5,46.3
47,26.59,114.0,62.0
35,23.74,148.0,36.0
44,31.44,120.0,38.4
50,29.98,134.0,45.5
57,27.77,134.0,49.5
39,27.43,107.5,30.1
41,25.48,126.0,35.4
47,29.23,119.0,39.3
45,27.05,127.5,64.2
49,25.94,141.0,44.9
38,20.67,124.0,30.9
59,26.45,141.0,52.1
38,25.59,121.0,32.1
39,24.79,120.0,32.2
59,25.05,153.5,54.7
64,24.95,134.0,53.3
51,31.63,152.0,51.4
57,31.68,163.5,58.4
40,31.6,135.0,39.4
62,24.75,130.0,50.8
53,21.8,103.0,36.6
37,21.51,117.0,28.8
48,19.78,107.0,33.3
40,18.92,122.0,31.1
51,23.84,155.0,49.0
48,24.59,117.0,37.7
64,18.7,120.0,47.3
44,28.82,131.0,65.1
64,30.93,144.0,58.2
41,22.72,147.5,39.7
48,30.5,113.0,39.0
49,29.25,183.0,81.8
39,26.48,120.0,32.9
61,28.87,178.0,63.7
58,32.49,128.0,50.6
52,22.32,126.0,41.8
48,23.1,132.0,40.8
45,21.67,127.0,36.9
66,29.84,175.0,91.9
44,22.92,160.0,45.0
60,28.56,119.0,48.2
42,26.14,142.5,40.5
42,22.56,100.0,28.4
67,44.09,192.0,77.5
63,22.26,127.0,49.8
62,23.8,110.0,70.4
50,25.86,129.0,67.6
63,25.88,117.5,48.8
45,24.58,121.0,36.6
41,22.28,134.5,36.2
44,24.16,114.0,34.0
53,33.38,131.0,73.2
53,25.61,160.0,52.3
38,24.6,127.0,33.2
42,26.03,96.5,28.9
47,16.87,107.0,31.4
58,33.32,157.0,83.2
45,27.98,125.0,38.9
50,23.55,119.0,64.2
55,23.59,180.0,57.9
67,22.69,185.0,92.2
56,28.3,147.0,52.3
37,23.44,105.0,26.5
38,22.7,123.0,31.4
63,24.01,148.0,80.7
40,26.17,141.0,38.7
45,22.19,133.0,63.6
54,24.9,118.0,42.3
67,20.5,160.0,60.1
39,24.56,114.0,30.6
41,20.2,123.0,32.5
34,24.39,120.0,28.6
40,19.32,120.0,30.7
46,19.7,118.0,34.6
35,21.03,112.0,50.9
48,27.97,138.0,44.3
47,28.96,150.0,47.0
43,21.85,137.0,63.1
52,24.83,118.5,41.0
45,27.18,126.0,38.9
42,23.59,121.5,59.2
56,23.42,133.0,46.8
63,27.01,159.5,59.8
52,18.98,118.5,38.6
46,20.63,164.0,71.5
49,28.47,118.5,40.3
44,33.47,129.0,41.4
42,24.86,130.0,36.8
64,28.91,177.0,65.6
59,15.96,156.0,76.7
59,23.82,195.0,64.6
54,25.82,116.0,42.1
57,26.56,117.0,44.8
53,19.64,127.0,41.7
35,23.09,150.0,36.2
46,26.95,162.0,48.5
40,26.79,124.0,34.7
47,27.93,132.0,67.1
49,24.35,130.0,41.5
58,24.69,120.0,45.5
54,22.17,142.0,47.2
47,23.81,125.0,38.7
60,25.01,164.0,58.0
53,25.04,112.5,40.2
66,25.16,108.0,48.3
35,24.55,95.0,23.1
59,28.45,153.5,56.1
36,27.5,142.0,36.7
37,28.46,135.0,36.0
49,24.24,111.0,36.7
44,26.79,128.0,38.5
41,25.26,124.0,34.8
43,25.09,127.5,37.0
37,27.27,129.0,34.1
55,26.45,168.0,56.1
62,27.47,153.0,57.6
36,20.87,102.5,24.2
37,32.26,110.0,31.3
47,22.34,134.0,40.3
50,25.09,127.5,41.9
68,26.37,122.0,53.6
44,28.49,126.0,38.7
53,40.58,133.5,51.7
42,25.75,105.0,31.0
50,24.06,147.0,46.4
35,26.59,167.5,42.0
53,43.3,200.0,94.4
59,26.08,153.5,55.1
57,20.55,127.0,69.9
47,25.59,128.0,40.1
49,23.38,137.0,42.9
58,30.64,138.0,77.4
55,25.01,133.0,46.8
59,23.76,120.0,70.8
55,24.15,122.0,43.7
43,26.11,121.5,35.9
46,29.21,116.0,37.9
43,26.77,132.0,63.8
46,21.02,131.5,38.5
49,26.91,118.0,39.6
42,32.36,118.5,37.0
61,24.79,114.0,46.1
36,33.36,102.0,29.0
39,24.25,131.0,34.8
48,30.46,119.0,40.5
39,22.45,107.0,28.0
59,25.4,122.5,47.1
48,21.14,131.0,39.8
44,31.16,114.0,36.8
42,21.67,111.0,30.8
44,23.09,118.0,34.5
52,27.26,146.0,48.8
60,19.42,141.0,50.0
35,20.64,107.0,24.5
40,24.71,128.0,34.9
64,21.17,163.0,59.0
53,21.02,136.0,44.5
59,19.61,244.0,99.0
55,32.17,134.0,49.9
58,20.68,113.0,42.1
56,21.03,113.5,66.0
40,19.93,104.0,52.0
42,25.75,135.0,38.5
48,22.12,131.0,40.2
58,29.25,120.0,47.3
38,24.24,129.5,33.7
65,26.46,127.5,53.0
52,22.73,122.0,41.0
39,25.13,128.0,34.4
55,30.61,127.5,47.6
64,23.39,153.0,82.4
51,30.38,168.0,79.9
49,25.16,127.5,41.2
53,25.13,134.0,45.7
47,28.78,113.5,37.8
52,30.93,156.0,77.8
62,31.44,166.0,87.5
50,24.07,112.0,37.6
58,18.84,164.0,54.1
64,33.19,176.0,92.1
37,28.95,121.0,32.7
57,27.98,141.0,51.3
64,22.3,123.0,74.5
66,23.63,152.5,58.8
35,22.91,108.0,25.7
38,21.51,111.0,28.0
39,22.89,126.0,33.0
42,43.69,141.0,72.1
45,28.56,130.0,40.4
59,23.28,139.0,50.4
57,18.55,108.0,39.3
62,26.39,168.0,86.0
58,27.47,146.0,78.1
51,24.94,128.0,42.7
59,31.76,134.5,52.6
44,22.36,124.5,35.9
60,28.58,213.0,71.7
54,25.84,115.0,41.9
38,30.85,148.0,40.9
53,24.27,127.0,43.6
43,24.54,129.0,37.2
64,24.35,126.0,51.0
61,29.53,167.5,61.4
39,28.57,108.0,30.7
35,23.1,125.0,30.0
66,25.27,153.0,59.6
53,22.01,117.0,40.2
40,32.73,152.0,44.1
46,26.42,118.0,62.3
47,24.49,154.0,71.2
64,32.52,140.0,57.8
49,23.03,120.0,38.5
42,21.34,111.0,30.7
60,22.66,116.0,45.1
56,31.11,115.0,45.4
48,26.13,131.0,41.8
39,32.66,159.0,45.1
62,27.23,206.0,70.8
45,20.56,123.0,35.5
61,28.74,157.0,58.4
55,23.65,142.0,48.5
58,23.72,106.0,41.6
53,23.71,139.0,71.3
37,20.24,111.0,26.7
36,25.35,151.0,38.1
60,24.61,199.0,66.6
53,22.73,184.0,82.2
62,20.56,129.5,49.0
59,29.16,127.5,74.8
44,25.38,147.0,42.7
43,25.29,129.0,37.5
47,20.15,133.0,39.2
40,17.64,108.0,27.1
53,31.5,167.5,56.6
47,27.05,160.0,48.7
51,26.27,176.0,55.2
48,27.75,117.5,39.1
48,26.6,127.5,41.1
43,23.33,115.5,33.3
47,20.89,128.0,38.3
43,25.32,118.0,34.7
56,24.87,198.0,88.6
34,20.79,117.5,26.5
47,21.93,127.0,38.4
49,19.25,108.0,34.0
66,28.62,114.5,76.3
39,27.35,137.5,37.6
58,20.34,151.0,51.5
57,27.1,158.5,55.4
63,25.31,118.0,48.7
53,31.31,160.0,54.6
38,26.69,137.0,36.5
57,28.3,131.5,49.1
49,20.94,123.5,38.6
47,22.88,140.0,42.1
36,25.07,98.0,49.7
42,23.48,109.5,31.2
39,20.39,115.5,29.3
52,26.48,106.0,63.5
64,23.98,110.0,46.9
61,22.48,122.0,47.2
54,29.76,137.0,49.0
61,42.53,160.0,64.7
52,27.78,134.0,71.0
38,26.57,125.5,33.6
51,28.5,133.0,45.3
37,22.89,120.5,30.2
52,24.54,131.0,69.0
50,31.27,159.0,52.3
60,29.59,170.0,86.3
39,26.82,124.0,34.0
57,24.07,154.0,78.0
64,20.67,132.0,51.1
55,22.19,115.0,41.1
45,26.24,111.0,34.7
67,24.53,110.0,49.2
40,28.46,149.0,41.6
48,32.67,135.0,45.4
53,25.46,127.0,69.0
50,22.02,121.0,39.1
47,28.23,115.0,37.9
42,23.61,139.0,38.6
53,26.26,122.0,43.1
39,28.59,113.0,32.0
39,23.39,124.0,32.7
64,32.32,139.0,57.5
61,24.03,118.0,46.8
46,21.35,122.0,36.2
47,20.12,122.0,36.4
49,26.62,107.5,36.8
55,22.89,125.0,43.9
57,21.02,122.0,43.8
37,26.98,112.0,29.7
41,23.64,102.0,28.7
46,29.91,124.0,40.2
60,23.01,167.0,58.0
64,26.15,206.0,71.8
43,22.36,117.0,33.3
50,28.86,145.0,47.8
38,23.09,107.0,27.6
56,31.1,142.0,52.1
53,25.09,167.0,53.9
51,21.02,142.0,44.6
42,28.3,111.5,33.6
58,25.67,148.0,52.9
54,31.82,133.0,48.8
53,23.85,100.0,36.6
58,28.92,132.0,50.2
60,28.76,139.0,53.3
62,28.5,119.5,49.7
59,26.53,127.0,48.7
53,25.45,147.0,49.0
42,21.85,100.0,28.1
35,24.43,136.5,33.4
50,29.94,149.0,49.2
36,19.42,155.0,36.7
57,36.21,133.0,52.6
34,25.41,131.5,31.8
46,32.4,117.5,39.5
42,25.09,131.0,37.2
63,30.12,131.0,78.9
65,20.5,140.0,78.7
46,23.14,105.5,32.8
45,30.63,138.0,43.3
60,20.34,126.0,46.6
45,26.65,145.0,68.4
44,30.4,122.0,38.5
39,27.06,141.5,38.5
42,19.78,111.0,30.1
62,31.78,142.0,56.6
48,27.13,131.0,42.2
55,23.45,112.5,41.0
45,20.17,117.0,33.8
58,29.01,143.0,53.0
56,24.25,165.0,55.1
55,27.76,161.5,55.0
57,20.19,122.0,43.5
65,21.41,144.0,80.1
61,27.73,164.5,84.9
49,22.33,120.0,38.2
42,32.52,141.5,42.8
50,24.54,124.0,40.8
42,24.77,112.0,32.3
46,29.11,137.0,43.1
53,28.04,163.0,79.1
44,19.44,116.0,32.6
54,34.25,171.5,59.4
58,32.0,150.0,55.9
67,29.04,126.0,80.0
44,24.06,132.5,38.5
41,24.04,146.0,39.8
52,24.39,177.0,80.4
40,23.26,105.0,28.6
55,25.23,108.5,40.7
41,23.38,110.0,30.6
40,24.08,102.0,28.1
37,28.44,117.5,31.7
48,27.88,141.5,45.1
41,34.99,129.5,40.1
48,26.03,132.0,42.0
52,32.04,131.0,47.0
53,27.8,146.5,49.8
52,28.28,114.0,41.2
45,22.14,107.0,32.1
65,25.61,124.0,76.7
42,26.54,139.0,39.8
48,29.34,153.0,48.6
45,17.38,109.5,30.8
56,21.85,131.0,45.7
58,23.08,132.0,72.8
54,25.91,131.0,45.9
56,24.48,125.0,45.2
67,30.04,201.0,99.0
55,25.05,120.5,43.6
59,23.94,145.0,52.1
49,25.57,144.0,45.5
54,23.48,127.0,43.9
45,27.55,122.5,63.1
55,22.69,131.0,45.3
46,26.61,118.0,37.3
40,27.22,112.5,32.0
44,27.23,135.0,40.4
40,23.48,118.0,56.9
37,26.72,123.0,32.3
47,24.58,112.0,60.7
47,24.5,137.0,42.0
43,25.68,114.0,58.9
53,25.46,137.0,46.5
51,21.19,125.0,65.4
52,19.47,113.5,37.6
52,27.22,113.0,40.5
50,26.26,114.0,64.0
37,24.89,110.0,28.4
50,21.67,125.0,39.9
38,27.47,101.0,27.8
43,23.31,131.0,37.2
60,25.96,149.0,54.6
57,32.65,162.0,58.5
35,23.08,127.5,30.6
53,25.77,137.0,46.7
42,23.8,105.0,30.2
61,26.18,130.0,50.7
40,20.33,145.0,37.4
59,25.85,148.5,78.8
52,28.27,159.5,77.6
63,26.45,143.5,55.6
66,26.69,140.0,56.9
53,26.28,119.0,42.4
42,32.4,169.0,49.6
39,25.83,105.5,29.0
58,26.37,127.5,73.0
55,24.99,113.0,41.7
65,21.24,140.0,54.0
56,24.81,114.0,42.6
54,28.35,101.0,39.4
67,32.77,120.0,55.0
64,24.28,133.0,52.8
44,23.13,138.0,39.6
46,27.22,173.0,51.3
40,22.85,112.5,30.3
42,24.38,109.0,31.4
63,27.91,189.0,67.5
47,27.12,154.5,47.4
61,23.95,141.5,52.7
52,24.56,159.0,76.0
51,23.58,146.0,46.6
64,34.56,140.0,58.6
64,24.77,122.0,50.2
40,23.9,130.0,35.1
44,24.58,125.0,36.9
45,24.53,132.0,39.3
59,27.25,93.5,40.6
44,25.16,144.0,41.9
50,28.5,133.0,69.7
56,30.42,147.0,53.1
53,24.96,125.0,68.3
63,25.92,156.0,58.5
57,22.73,174.0,57.5
64,25.98,150.0,57.7
57,24.71,140.0,49.8
55,27.63,129.0,46.8
55,29.66,130.0,47.9
41,29.69,100.0,30.6
46,23.35,113.0,34.8
38,33.49,128.0,37.0
56,26.67,145.0,51.1
67,19.81,172.0,62.8
45,25.56,167.0,48.5
50,21.65,116.0,37.7
41,24.17,122.0,33.9
46,24.1,107.5,33.7
60,24.96,144.0,53.0
41,24.22,119.0,33.1
61,30.18,100.0,44.8
68,23.25,130.0,54.4
45,28.59,116.0,36.9
52,29.01,147.0,49.8
56,29.47,140.0,51.0
53,26.21,114.0,41.1
51,23.45,153.5,48.5
47,26.84,126.0,40.1
67,22.81,138.0,55.5
49,25.97,175.0,53.4
53,23.01,102.0,36.8
36,18.98,123.0,28.5
62,26.97,165.0,60.4
58,19.09,132.5,46.4
36,36.52,135.0,38.6
55,26.27,155.0,77.8
45,28.58,131.0,40.7
44,24.36,107.0,32.3
47,22.01,145.0,43.0
54,27.3,128.0,45.7
38,23.9,130.0,33.7
57,38.88,184.0,91.5
64,25.23,135.0,53.6
46,23.48,118.0,36.1
49,28.33,160.5,75.8
50,22.32,114.0,37.4
63,32.51,177.0,91.4
48,28.49,243.0,70.7
58,21.09,117.0,68.3
60,24.62,178.0,61.3
41,19.68,139.0,36.3
64,30.39,127.0,78.7
62,26.03,184.0,64.8
62,23.88,145.5,79.3
66,30.06,133.0,56.5
59,25.33,187.5,63.3
36,21.67,119.0,28.6
40,30.07,125.0,36.3
53,24.45,165.0,53.1
49,28.23,138.0,45.1
47,21.4,134.0,40.0
64,24.68,178.0,89.2
46,26.97,138.0,42.5
58,24.49,123.0,46.1
66,30.86,151.0,61.3
41,25.99,110.0,31.6
40,22.16,122.0,32.4
42,32.52,119.0,37.2
52,33.03,110.0,42.1
42,35.45,142.5,44.2
49,23.06,155.0,47.3
52,22.35,111.0,38.1
58,22.91,138.5,49.4
46,26.82,150.0,45.4
40,18.52,116.0,29.4
35,22.39,99.0,23.2
42,28.68,115.0,34.6
58,24.49,181.0,60.6
43,27.99,115.0,35.0
44,31.74,174.0,52.0
38,24.19,96.0,25.3
39,21.3,122.0,31.3
41,30.85,120.5,36.2
40,27.04,127.0,35.6
38,21.16,102.5,25.7
57,30.93,158.0,56.8
41,25.25,130.0,36.3
42,21.5,124.0,34.0
58,26.04,180.0,86.0
42,23.37,112.0,31.7
47,25.77,133.5,41.6
59,25.18,100.5,41.5
45,31.35,104.5,35.2
55,26.77,120.0,44.2
68,22.85,124.0,52.7
61,24.69,156.0,56.6
36,33.82,156.5,42.9
41,27.02,124.0,35.5
45,21.44,140.0,40.1
51,27.57,128.0,68.7
45,28.25,119.0,37.5
35,25.94,130.0,32.4
49,21.18,118.0,37.3
50,24.24,156.0,48.7
40,32.84,148.0,43.1
43,29.34,113.0,35.1
49,20.66,159.0,47.3
47,30.7,127.0,41.9
45,25.97,112.5,35.0
58,31.34,143.0,53.9
38,24.72,125.0,32.7
50,26.73,126.0,67.2
47,23.48,122.0,37.8
60,22.16,129.0,48.1
45,25.74,108.5,33.9
58,28.3,162.0,82.4
63,28.78,135.5,54.5
43,28.59,132.0,39.5
52,27.66,144.0,48.5
47,26.98,123.0,39.4
46,28.87,128.0,40.7
49,26.56,126.5,41.5
36,26.33,131.5,33.6
58,20.12,120.0,43.6
58,29.85,143.0,78.3
46,23.01,128.0,38.4
61,28.89,160.0,59.3
59,24.66,122.0,46.7
40,26.56,97.0,27.9
54,23.66,146.0,48.8
56,24.38,155.0,52.7
45,32.15,128.0,41.4
51,28.68,114.0,40.7
53,25.51,136.5,46.4
59,29.69,175.0,61.9
40,29.29,125.0,36.0
53,28.52,121.0,43.8
64,22.48,116.0,47.8
48,26.18,117.5,38.4
41,23.63,108.0,30.2
43,32.02,132.5,41.0
56,22.92,108.0,40.4
41,22.53,114.5,31.3
40,28.3,108.5,31.4
65,38.38,185.5,97.2
45,20.24,110.0,32.1
53,30.24,125.0,45.4
60,28.41,140.0,53.4
40,21.84,110.0,29.2
55,23.18,103.0,63.5
42,25.54,122.5,35.2
47,22.41,115.0,35.6
50,31.37,163.0,53.3
45,21.68,95.0,28.9
39,35.11,134.0,39.8
55,25.33,138.0,73.1
40,27.99,173.0,72.4
52,26.73,148.0,49.1
50,26.54,131.0,43.4
43,23.22,111.0,32.1
63,26.47,172.5,62.8
55,26.83,174.0,57.7
46,24.8,125.0,38.4
62,21.18,126.0,48.4
41,26.36,120.0,34.2
38,20.55,137.0,34.1
59,29.76,164.0,59.2
34,20.82,121.0,27.4
50,25.9,132.0,43.4
59,24.79,115.0,45.0
44,26.02,128.0,38.2
33,19.84,108.0,23.0
64,31.23,144.0,58.3
60,23.56,114.0,44.9
55,34.4,136.0,51.3
52,28.06,129.0,69.9
50,27.82,127.5,43.0
35,24.73,106.0,25.9
57,21.85,127.0,45.4
60,25.13,126.0,48.6
53,26.91,154.0,51.4
43,24.96,130.0,37.6
56,26.67,124.0,45.9
36,22.36,112.5,27.3
38,32.19,135.0,38.2
59,22.7,139.0,50.1
49,27.66,140.0,45.4
49,29.45,133.5,44.5
42,21.26,122.0,33.4
35,24.69,120.0,29.4
38,24.56,113.0,29.7
62,25.65,114.0,47.2
44,23.51,128.0,37.2
43,22.71,130.0,36.7
39,31.48,151.0,42.6
39,22.91,124.0,32.5
46,28.92,115.0,37.5
52,32.27,120.0,44.3
48,28.9,102.0,60.7
52,21.85,121.0,65.4
57,29.38,127.5,48.5
44,27.29,111.0,34.5
57,23.08,112.5,42.3
49,24.17,103.5,59.8
42,29.94,142.5,42.0
58,23.35,195.0,63.7
42,27.67,110.0,33.0
64,34.53,114.0,52.1
49,23.1,123.0,64.3
59,27.39,114.0,45.8
37,30.93,124.0,34.3
33,26.74,141.5,34.2
54,25.43,111.0,40.7
38,30.27,119.0,33.5
40,25.05,115.0,31.8
66,24.35,163.0,61.7
64,24.77,120.0,74.7
39,27.73,126.0,34.9
47,28.88,145.0,45.7
44,27.38,141.0,67.0
39,19.57,137.0,59.4
55,22.24,127.0,69.1
41,24.16,144.0,39.4
56,30.73,138.0,51.0
65,25.37,149.5,58.0
53,25.5,146.0,48.8
55,26.77,126.0,45.7
42,21.74,101.0,28.3
45,20.41,133.0,62.9
55,26.18,140.0,49.0
53,24.74,128.0,44.0
62,23.88,106.0,44.5
54,25.63,113.5,41.4
61,26.07,123.0,48.9
43,22.53,138.0,38.6
43,33.17,127.0,40.1
49,29.03,135.0,69.7
66,20.74,138.0,79.0
42,29.84,127.5,38.2
64,20.52,182.5,63.6
43,22.87,109.0,31.5
42,20.53,132.0,35.6
46,27.18,172.5,51.2
43,24.01,121.0,35.0
53,27.6,126.0,44.6
50,24.39,112.0,37.8
46,23.05,121.0,36.7
51,29.36,134.0,70.9
67,28.56,154.0,86.8
51,29.43,125.0,68.7
45,33.65,109.0,37.2
44,21.01,105.0,30.5
47,21.97,123.0,37.4
42,25.08,131.0,37.2
44,24.16,115.0,34.2
48,30.91,149.0,48.2
36,22.05,123.0,29.8
63,33.49,149.0,59.7
43,22.65,116.0,33.2
36,28.53,122.5,32.2
65,24.5,162.0,60.8
48,25.04,129.0,40.9
63,21.35,144.0,53.6
40,35.2,137.0,41.3
40,29.86,122.0,35.4
42,21.31,113.0,56.2
43,19.84,130.0,35.5
63,23.64,143.0,54.3
36,26.78,133.0,34.2
36,24.11,114.5,28.5
46,20.66,100.0,30.5
39,24.01,115.0,30.7
39,24.89,142.0,37.8
51,19.05,142.0,43.8
48,20.27,139.0,66.5
57,26.59,131.0,48.3
41,24.5,146.0,40.0
42,21.48,123.0,33.7
38,30.06,118.0,33.1
41,20.0,95.0,25.5
43,35.99,158.5,49.1
55,30.24,142.0,51.1
38,21.99,95.0,24.1
46,22.7,115.0,35.0
45,24.94,115.0,35.2
53,24.09,131.0,44.5
44,25.24,136.0,39.9
52,25.89,137.0,46.0
51,26.83,123.0,67.2
39,22.32,130.0,33.7
51,26.65,127.5,43.2
55,29.17,130.0,47.7
43,23.84,121.0,34.9
67,21.8,135.0,54.4
55,23.43,145.0,49.1
39,24.1,125.0,33.2
54,20.55,136.5,45.1
41,26.26,115.0,33.0
48,27.04,117.0,38.7
45,21.56,116.0,34.1
61,24.12,165.0,58.6
38,27.8,141.0,38.0
49,19.39,120.0,37.1
47,25.86,110.0,35.7
59,24.39,162.5,56.7
60,24.57,114.0,45.3
48,26.35,153.5,47.5
37,27.22,127.0,33.5
48,25.48,115.0,37.5
54,26.05,110.0,40.7
39,23.6,112.0,29.7
46,22.78,118.0,35.8
58,22.88,151.0,52.5
46,23.28,109.0,58.8
65,19.83,119.0,48.2
59,18.43,135.0,47.4
52,29.51,135.0,72.0
40,19.78,100.0,25.9
54,26.77,117.5,42.9
51,29.8,139.0,47.4
60,18.87,132.0,47.5
51,27.77,125.5,43.2
44,24.12,121.0,35.7
47,32.07,160.0,50.7
59,29.77,111.0,46.0
40,26.56,127.0,35.4
50,30.46,134.0,45.7
54,20.51,148.0,48.0
53,24.16,172.5,54.9
51,23.53,107.5,37.0
61,29.82,125.0,50.9
41,30.69,124.0,37.0
47,27.86,156.0,48.0
46,21.82,128.0,37.9
60,25.38,132.0,75.2
49,24.46,137.5,43.5
57,26.08,155.0,54.1
45,30.35,137.0,67.9
39,25.73,115.0,31.3
61,27.33,131.5,51.5
40,21.12,117.5,30.8
55,26.36,129.0,46.3
61,24.38,112.0,45.5
52,27.52,132.0,70.4
54,35.85,141.0,52.4
50,24.94,130.5,42.6
37,23.87,122.5,31.1
55,28.27,109.0,42.1
61,26.11,141.0,53.4
63,22.62,126.0,49.6
57,28.36,135.0,50.0
46,18.0,103.0,30.1
58,23.38,123.0,45.7
57,27.01,105.0,42.0
40,22.52,121.0,32.3
55,29.25,132.5,48.3
43,23.09,122.0,34.8
46,23.29,127.5,38.4
52,18.65,100.0,33.9
52,26.36,126.0,43.4
64,21.85,129.0,50.8
62,22.68,111.0,45.2
42,25.15,142.5,40.1
47,22.18,122.5,37.4
38,31.22,118.0,33.6
52,26.0,143.0,47.6
42,29.0,112.5,34.1
39,23.98,107.0,28.6
51,33.66,142.5,49.8
38,23.05,125.0,32.1
63,16.92,146.0,77.4
41,26.22,143.5,40.1
58,26.33,129.0,73.4
47,20.05,132.5,39.0
36,20.86,121.0,28.8
56,22.69,112.5,41.4
47,22.18,129.0,64.0
49,23.19,142.0,44.1
41,38.75,199.0,59.0
57,22.0,140.0,73.7
51,30.39,134.0,46.4
40,26.13,112.0,31.5
37,27.17,125.0,33.0
44,44.55,179.0,58.4
36,21.34,125.0,30.0
61,21.64,179.0,61.1
51,22.73,101.0,35.0
43,20.86,104.0,29.4
48,17.11,112.0,33.4
37,20.84,104.0,25.2
44,28.32,138.0,41.6
54,20.55,130.0,43.5
54,25.13,120.0,42.9
59,19.34,124.0,45.0
44,22.34,133.0,38.0
48,26.73,109.5,36.7
45,25.68,108.0,33.8
53,26.51,129.0,45.0
53,22.74,112.5,39.3
46,29.41,118.0,38.5
63,30.47,186.5,67.9
52,31.19,131.0,46.6
42,21.68,116.0,32.1
48,25.1,138.5,43.3
48,22.01,120.0,37.4
42,20.02,138.0,36.9
59,22.91,127.5,47.3
40,27.34,145.0,40.2
45,22.35,150.0,42.9
38,25.17,120.0,31.7
46,22.15,117.0,35.3
67,30.42,155.0,87.8
53,24.5,164.0,52.9
38,24.51,122.5,32.0
43,19.38,96.0,26.9
59,31.6,170.0,61.4
61,29.25,173.0,62.6
52,29.77,134.0,46.8
53,28.9,186.0,60.2
67,26.71,154.0,61.1
37,20.68,102.0,24.7
54,29.4,160.0,54.6
54,21.03,103.0,37.0
55,26.08,115.0,42.7
58,24.9,144.0,51.6
62,24.83,204.0,94.3
52,22.81,114.0,39.0
41,26.42,114.0,32.8
47,24.63,127.5,64.6
47,24.05,116.0,36.5
39,24.79,131.5,35.1
67,22.55,117.0,50.2
64,19.34,114.5,46.2
39,23.68,98.0,26.3
46,25.17,158.0,46.8
51,23.24,130.0,42.5
38,25.33,123.5,32.6
61,25.71,120.0,73.0
40,29.42,111.0,32.5
42,20.77,106.0,29.2
52,22.69,112.5,38.6
36,24.04,118.5,54.4
40,22.71,112.5,30.2
63,28.69,140.0,55.6
55,29.0,139.0,49.8
42,23.64,110.0,31.4
55,29.6,217.0,94.6
39,29.7,196.0,78.2
57,25.99,130.0,47.8
60,32.41,146.0,81.5
53,19.94,123.0,40.8
39,21.01,114.0,29.2
62,24.49,176.0,62.2
45,30.39,140.0,43.7
40,20.82,111.0,29.1
58,25.46,156.5,54.9
36,20.69,113.0,26.7
66,26.37,142.0,57.2
62,28.18,167.0,86.4
63,23.08,193.0,66.6
61,21.57,187.0,63.1
41,23.69,107.5,30.1
47,24.99,147.0,44.6
44,24.72,112.5,33.8
46,31.64,196.0,83.9
45,23.1,189.0,53.0
61,27.3,168.0,60.6
43,29.56,130.0,39.4
46,19.03,126.5,36.4
52,24.49,136.0,70.2
64,35.22,196.0,72.9
49,21.0,112.0,35.7
41,23.04,121.0,33.2
50,23.24,131.0,42.0
50,30.11,116.0,41.0
59,33.45,170.0,62.2
56,26.1,190.0,62.1
49,23.29,120.0,38.6
50,27.96,132.0,44.2
46,24.81,125.0,38.4
49,25.31,158.0,48.9
41,23.7,104.0,29.2
46,22.72,107.5,33.2
50,23.2,114.0,37.8
44,25.13,125.5,37.2
57,25.41,117.5,44.4
58,21.51,161.0,79.5
41,25.63,114.0,32.5
43,24.09,110.5,32.4
36,21.27,132.5,31.8
52,27.61,122.0,42.9
44,26.98,130.0,39.1
36,23.09,121.5,29.8
38,31.61,129.0,36.5
54,30.29,151.5,52.8
39,26.04,122.0,33.2
40,27.72,116.0,33.1
48,21.79,110.0,34.8
39,22.33,113.5,29.6
41,27.49,119.0,34.4
40,24.75,110.0,30.4
51,32.35,154.0,52.1
38,31.62,134.0,37.7
60,29.47,123.0,49.5
43,34.95,155.5,73.0
42,27.63,122.0,36.0
51,25.09,111.5,38.6
39,24.6,119.0,31.9
39,24.47,101.0,27.3
51,23.08,128.0,41.9
46,25.46,131.0,40.1
40,25.05,130.0,35.5
41,20.72,127.0,33.7
56,25.67,126.0,46.0
47,32.43,143.5,46.7
56,27.12,159.0,79.8
44,23.72,121.5,35.7
54,25.82,139.0,47.9
63,31.71,155.0,85.5
53,25.96,115.0,41.2
50,24.33,124.0,40.7
44,23.75,109.0,32.5
56,30.14,145.0,52.5
43,25.82,104.0,31.4
47,27.64,128.0,41.0
37,27.6,114.5,30.6
51,27.47,161.0,51.9
53,30.63,130.0,46.9
41,25.03,122.0,34.2
56,25.09,115.0,68.0
44,29.91,157.0,72.0
57,26.0,126.5,46.9
40,22.17,144.0,37.9
66,19.09,120.0,73.8
34,22.15,117.5,27.0
62,29.64,143.5,56.1
55,24.59,123.0,44.1
36,21.27,115.0,27.5
39,22.01,112.0,29.1
54,24.41,146.0,49.1
53,24.17,92.0,34.8
35,28.7,133.0,34.2
61,28.88,182.5,64.9
40,23.16,121.0,32.5
41,19.78,119.0,31.4
43,19.88,120.0,33.1
64,26.01,169.0,87.5
49,21.83,115.5,61.9
43,32.93,134.0,41.8
40,27.24,138.5,63.5
66,18.23,110.0,46.0
51,24.36,131.0,43.2
57,23.84,117.5,43.8
62,33.97,140.0,57.0
51,22.34,147.5,46.5
35,23.48,110.0,26.4
42,19.42,120.0,32.2
47,24.71,120.0,37.8
40,23.78,133.5,35.9
58,21.47,146.5,50.8
43,24.56,110.0,32.4
53,28.02,149.5,50.7
48,23.22,120.0,37.9
49,20.23,107.0,34.1
55,21.05,130.0,44.4
57,24.19,146.5,51.2
51,28.06,102.0,37.4
50,22.01,126.5,40.4
44,26.92,146.5,43.2
39,22.92,118.0,56.0
47,39.64,138.5,73.4
38,21.79,118.0,29.8
65,28.16,166.0,63.3
43,21.1,145.5,39.9
48,21.34,116.5,36.3
65,34.69,150.0,86.9
57,23.67,129.0,46.6
49,25.4,142.0,70.0
56,24.08,106.0,40.3
39,18.7,122.0,30.3
52,29.82,110.0,40.8
49,22.29,119.0,38.0
55,26.59,153.0,52.4
46,19.27,166.5,46.5
63,23.06,135.0,77.1
64,21.82,185.0,64.8
58,26.0,151.0,53.8
52,23.37,124.0,41.7
39,20.93,119.0,30.4
39,25.64,106.0,29.1
54,34.13,148.0,53.5
38,26.68,124.0,33.3
38,23.66,124.0,32.1
55,24.99,141.0,48.7
59,23.76,122.0,46.3
45,23.21,105.5,32.2
54,27.97,127.0,70.7
48,28.6,120.0,40.0
52,30.18,159.0,53.2
47,28.21,142.0,69.7
56,25.59,123.0,45.2
38,27.51,130.0,35.1
50,29.13,166.5,78.3
56,27.82,123.0,46.1
37,22.9,104.0,26.1
47,20.49,202.0,56.6
60,27.87,131.5,51.0
43,21.14,110.0,31.1
36,19.87,100.0,23.1
40,24.77,116.0,31.9
44,28.72,132.0,40.3
45,23.22,111.0,33.5
57,25.69,128.0,47.2
57,27.26,173.0,59.1
48,26.4,177.0,78.4
57,36.46,161.0,59.7
39,30.06,159.0,44.1
51,18.52,117.0,62.4
60,27.82,154.0,56.6
61,26.84,148.0,55.4
39,24.44,123.0,32.8
51,24.81,136.5,44.7
63,24.91,135.0,52.8
55,24.79,109.0,40.7
47,23.79,167.0,49.2
57,26.0,104.0,66.3
55,26.79,170.0,56.7
48,32.4,150.5,49.2
58,23.45,138.0,49.5
41,23.07,121.0,33.2
37,24.66,129.0,33.0
48,20.27,124.0,37.7
43,24.47,111.0,32.6
43,26.11,103.5,56.4
51,23.54,134.0,43.6
41,22.18,158.0,42.1
65,23.07,171.0,62.5
62,25.95,134.0,77.3
42,23.72,110.0,31.4
52,32.57,129.0,46.7
54,26.81,132.0,46.5
45,23.48,147.0,42.6
58,29.86,119.5,72.4
46,26.67,150.0,45.4
51,27.56,140.0,46.7
61,22.16,132.0,49.6
40,28.06,123.5,35.1
56,21.41,120.0,42.8
53,23.98,119.0,41.4
42,25.49,138.0,39.1
59,33.54,155.5,83.6
40,21.15,105.0,27.7
60,23.53,132.0,49.4
56,28.82,129.0,48.0
37,33.07,127.0,35.9
40,21.19,123.0,32.2
43,23.05,97.0,28.6
55,30.23,158.0,55.1
49,25.01,155.0,48.1
59,26.42,112.5,70.0
40,23.48,135.0,36.1
38,20.4,107.0,26.5
44,31.55,178.0,52.9
55,32.91,135.0,50.4
45,26.46,141.0,42.3
43,27.18,131.0,63.7
57,29.51,135.0,50.5
38,26.23,125.0,33.3
40,17.61,136.5,34.2
50,28.55,149.0,48.7
56,28.34,158.0,80.0
64,20.52,128.0,50.0
67,27.78,130.0,55.5
43,22.9,100.0,29.3
55,19.5,144.0,72.3
66,34.36,132.5,83.1
48,31.67,120.0,41.3
51,22.67,129.0,42.0
57,24.17,122.0,45.1
55,23.48,141.0,48.1
38,22.58,102.5,26.3
39,28.41,124.5,34.8
63,24.38,163.0,59.6
46,30.0,115.0,37.9
41,20.79,122.5,32.6
49,24.87,128.0,41.2
61,22.91,154.0,80.4
42,31.84,129.0,39.4
58,26.98,102.0,41.9
41,25.03,115.0,32.5
61,25.05,150.0,80.2
62,35.11,154.0,60.9
44,34.59,142.5,45.3
61,23.33,121.0,47.3
56,24.59,140.0,49.0
41,26.38,107.0,31.0
49,25.35,156.0,73.4
56,26.05,127.0,46.4
35,22.64,107.5,25.4
57,29.08,146.0,53.0
40,29.35,121.5,35.1
62,23.24,120.0,47.7
47,21.71,126.5,38.2
48,23.03,104.0,33.8
42,29.65,145.0,42.5
42,20.93,134.0,61.3
50,26.25,105.0,36.8
39,38.06,123.0,38.3
58,27.73,195.0,65.4
66,25.22,151.0,84.0
61,24.84,120.0,47.6
56,26.09,130.0,47.1
60,24.66,119.5,46.7
67,24.63,157.5,61.1
39,18.16,96.0,23.6
60,22.17,176.0,59.9
42,25.41,137.0,38.8
50,23.01,121.0,39.5
50,33.1,114.0,41.7
43,21.99,155.0,42.6
42,22.85,102.0,29.0
57,24.19,124.0,45.6
56,26.82,119.0,44.7
43,25.65,152.0,43.4
47,24.44,127.0,39.4
56,25.36,128.5,46.5
36,19.53,126.0,29.5
63,25.82,130.0,51.9
62,26.73,137.0,53.3
44,25.09,119.0,60.6
41,24.2,124.0,34.4
56,25.39,127.5,46.2
56,33.71,200.0,92.7
61,25.5,115.0,46.6
50,30.36,147.5,49.0
55,26.31,135.0,47.8
38,29.19,126.0,34.8
40,26.63,98.0,28.2
47,35.78,144.0,48.2
49,27.25,124.0,41.2
54,20.41,113.0,39.2
40,32.81,125.0,37.4
63,27.17,146.0,81.5
65,26.54,146.0,57.6
50,23.62,132.0,42.4
54,29.93,120.0,44.8
39,24.22,152.0,40.0
46,22.92,136.5,40.5
53,25.63,112.5,40.5
48,25.34,135.5,42.6
51,26.69,128.0,43.4
64,22.73,113.0,47.1
63,19.97,127.0,48.8
55,26.89,137.5,48.6
39,27.26,112.0,31.2
59,25.32,141.0,51.7
52,32.52,180.0,59.4
48,26.39,107.0,35.9
64,21.03,113.5,71.6
64,29.67,145.0,82.9
54,26.28,110.0,40.8
55,29.05,133.0,48.4
47,21.33,113.0,34.7
42,23.31,119.0,33.5
55,20.17,107.5,38.4
42,22.65,126.0,60.0
47,18.67,118.0,34.9
51,26.69,115.0,40.1
62,20.87,108.0,43.7
40,22.98,120.0,32.2
37,26.48,111.5,29.4
58,25.62,127.5,47.7
51,28.59,147.0,48.9
48,26.03,170.0,51.5
51,28.76,130.0,44.7
52,26.06,132.0,44.8
66,31.11,143.0,84.4
37,24.5,116.5,54.8
44,21.65,95.0,28.2
61,27.28,105.0,44.9
58,28.31,141.5,52.3
42,26.25,133.5,38.3
42,27.78,129.0,37.8
40,23.71,112.0,30.5
59,32.84,158.0,58.9
58,26.45,150.0,78.7
63,25.15,151.5,57.0
41,21.42,114.0,30.8
51,24.67,135.0,44.3
62,27.91,111.0,47.3
49,23.86,112.5,37.0
59,25.58,142.0,52.0
44,30.85,129.0,40.4
64,27.01,142.0,81.1
52,22.52,110.0,37.9
45,22.53,118.0,35.0
63,31.5,155.0,60.4
38,25.45,108.0,28.8
39,22.85,137.5,35.8
45,26.09,122.0,37.4
55,30.0,119.0,70.2
63,26.87,182.0,65.3
41,33.29,150.0,44.5
46,25.87,145.0,43.8
58,26.38,145.0,52.4
53,21.35,96.0,34.6
59,25.64,134.0,75.1
46,27.23,120.5,38.2
51,24.41,128.0,42.5
42,22.19,121.0,33.5
62,30.91,175.0,64.5
47,23.46,111.0,35.0
43,21.22,107.5,30.5
48,24.1,111.0,36.0
57,35.17,142.0,79.5
43,24.67,119.5,34.8
64,26.76,105.0,46.8
45,26.74,145.5,43.6
49,23.17,97.0,32.8
45,26.51,119.0,36.9
53,23.62,139.0,46.3
45,28.68,126.0,39.5
52,22.54,112.0,63.4
61,32.77,171.0,63.6
46,34.52,132.0,44.0
48,28.69,174.0,53.6
48,21.45,116.0,36.2
48,30.43,112.5,38.9
44,27.99,143.5,67.9
41,22.94,126.0,34.4
64,23.09,108.0,46.0
53,20.33,123.0,41.0
53,23.4,126.0,43.0
60,24.51,112.0,44.8
42,26.62,116.0,34.0
38,21.35,105.0,26.4
63,24.64,164.0,60.0
63,29.17,136.0,54.8
59,39.91,145.0,58.5
59,19.83,110.0,66.7
59,22.82,124.0,46.4
46,29.84,115.5,38.0
61,24.83,232.0,75.6
48,27.49,128.5,41.7
57,30.05,119.0,46.7
40,27.46,122.5,59.6
49,25.77,134.0,43.1
43,27.99,173.0,49.5
50,23.81,132.0,42.5
51,24.08,111.5,38.2
58,20.76,85.5,60.3
51,25.33,180.0,55.8
40,24.26,132.0,35.7
46,19.74,110.0,32.6
44,22.25,134.0,38.2
59,28.1,110.0,45.0
51,26.37,112.5,39.4
44,30.47,112.0,36.0
36,25.68,102.0,26.0
36,25.82,114.0,29.0
64,25.33,191.0,92.7
50,35.85,152.5,52.5
47,27.96,133.0,42.3
42,22.19,135.0,37.0
54,22.7,168.0,53.9
52,26.64,148.0,49.1
52,24.47,118.0,40.7
51,21.66,134.0,42.9
38,20.42,108.0,26.8
45,29.17,128.0,40.2
42,22.51,110.0,55.9
47,27.01,126.0,40.2
43,38.43,141.5,45.8
46,28.09,142.0,43.9
42,26.81,132.0,38.1
45,24.35,137.0,40.5
62,22.01,150.5,54.8
62,18.99,184.5,62.1
57,20.86,175.0,82.0
35,29.42,111.0,29.0
39,22.88,95.0,25.2
36,24.27,122.0,30.4
38,29.14,135.0,37.0
67,36.04,145.0,62.6
64,22.54,144.0,79.8
38,22.9,100.0,25.8
38,28.68,118.5,57.7
43,28.96,113.0,34.9
38,26.43,130.0,34.7
54,22.5,150.0,49.3
41,22.72,103.0,28.5
39,31.09,120.0,34.7
39,31.38,126.0,36.4
50,23.88,100.0,34.6
68,33.16,157.0,90.1
54,30.62,134.5,48.7
49,29.01,130.0,43.4
40,23.58,112.5,30.6
60,23.77,122.0,47.0
38,26.65,116.0,31.3
48,19.42,105.0,32.6
52,25.68,112.0,39.7
50,29.64,122.0,42.4
50,23.44,107.5,36.3
44,29.89,120.0,37.8
44,21.02,105.0,30.5
45,21.72,130.0,37.7
52,32.27,146.5,50.9
51,26.56,126.0,42.8
57,26.35,114.0,43.9
60,22.7,112.5,69.2
40,21.71,117.0,30.9
38,26.89,119.0,32.1
57,25.14,138.5,49.6
64,27.08,120.0,50.6
56,25.66,122.0,70.0
42,27.54,127.5,37.3
54,20.12,149.0,48.1
42,23.95,120.0,34.0
46,27.4,129.0,65.4
36,28.35,117.0,30.8
35,27.86,117.5,30.0
54,29.88,124.0,45.8
62,23.5,127.0,49.6
39,24.25,116.0,31.0
45,30.29,136.0,42.6
37,21.64,112.0,52.6
64,23.64,121.0,49.5
59,25.9,145.0,52.9
40,25.21,95.5,27.0
43,26.77,152.0,68.8
52,27.39,117.0,41.6
48,30.34,126.5,42.4
40,23.54,130.0,34.9
62,35.42,152.0,60.6
48,24.91,134.0,42.1
46,25.2,137.0,41.5
55,27.87,155.0,53.4
57,30.77,141.0,77.5
50,29.38,171.0,79.5
50,21.98,102.0,34.3
42,21.29,113.0,31.2
42,24.41,123.0,34.9
66,29.58,188.0,70.0
41,22.37,107.0,29.4
57,28.18,124.0,47.2
39,21.51,120.0,30.9
43,29.01,162.5,47.3
39,23.96,104.0,27.9
50,23.82,157.0,73.8
50,24.33,114.0,38.2
33,23.8,119.0,27.4
36,28.59,123.0,32.4
44,22.19,127.5,36.6
55,24.5,125.0,44.5
53,22.37,130.0,43.5
67,22.36,120.0,75.8
50,25.12,132.0,43.0
57,20.34,102.0,38.5
40,23.09,123.5,33.1
41,30.34,140.0,40.8
55,27.05,144.5,75.4
56,25.14,126.5,70.9
39,23.32,119.0,31.4
62,26.21,107.5,70.8
57,24.94,146.0,51.4
39,17.65,113.0,27.6
56,20.12,127.0,44.0
56,32.07,115.0,45.8
54,26.05,146.0,49.7
61,37.04,148.0,59.5
39,26.39,137.0,37.1
37,20.22,104.0,25.0
60,26.72,135.0,51.4
62,27.15,167.5,61.1
58,26.25,136.0,75.1
51,28.38,154.0,50.6
48,21.06,141.0,42.3
58,24.6,146.0,51.9
54,22.18,133.0,44.9
63,23.64,134.0,52.1
37,19.53,125.0,55.0
59,25.86,205.0,67.9
55,27.51,169.5,56.9
53,27.94,159.0,53.0
40,21.99,125.5,33.2
56,26.45,185.0,86.0
41,22.91,120.5,58.0
45,25.71,144.0,42.8
37,24.99,96.5,25.0
50,33.68,152.0,51.5
41,22.25,130.0,35.1
41,31.06,132.0,39.1
49,23.68,127.0,40.5
51,23.9,129.0,42.5
62,25.42,149.5,55.9
42,26.25,110.0,32.4
59,25.56,124.0,47.5
52,22.7,148.0,47.5
37,22.71,106.0,26.5
36,28.09,126.0,32.9
36,27.08,121.0,31.3
39,22.19,110.5,28.8
55,20.69,146.5,48.4
40,23.9,116.0,31.6
38,23.1,130.0,58.3
44,20.88,110.0,31.7
54,28.56,116.0,43.2
40,24.12,129.0,34.9
42,23.72,115.0,32.6
62,31.12,130.0,53.3
48,23.68,130.0,40.6
66,44.71,220.0,84.1
54,24.77,116.0,41.7
57,25.77,116.0,44.2
38,29.08,124.0,34.2
42,28.78,146.0,42.4
42,38.54,127.0,41.6
45,17.32,111.0,31.2
48,25.08,134.0,42.1
44,39.04,182.0,56.9
62,30.21,118.0,50.0
41,28.25,124.0,36.0
62,21.11,139.0,51.6
58,28.88,170.0,84.7
49,27.92,150.0,73.0
54,20.26,107.5,37.8
43,30.28,124.0,38.2
61,25.11,210.0,95.2
63,38.42,109.0,51.7
56,27.9,142.0,75.9
38,28.74,120.0,33.1
58,26.4,110.0,43.7
53,26.18,132.0,45.6
45,20.24,130.0,37.1
51,30.67,151.0,50.7
52,28.88,184.0,84.0
40,27.15,105.0,30.1
42,25.77,130.0,37.2
37,27.97,134.5,35.7
52,28.79,115.0,41.7
44,26.41,127.0,38.1
44,22.19,97.0,28.9
42,33.26,128.0,64.7
45,27.94,124.0,38.7
39,27.8,114.0,31.9
63,30.0,193.0,94.3
42,24.2,121.5,34.5
55,28.89,120.0,45.1
46,28.23,154.0,47.0
45,32.03,128.0,41.3
37,24.66,115.0,29.5
50,23.88,120.0,39.6
52,21.17,158.0,49.4
53,29.35,120.0,43.8
46,26.33,181.5,78.1
35,26.38,109.0,27.3
42,24.46,115.0,32.9
48,16.61,129.0,62.5
52,28.35,130.0,45.2
41,28.54,150.0,42.6
48,31.76,154.0,49.8
62,21.28,139.0,51.7
53,29.82,188.5,61.2
60,25.06,127.5,73.9
45,24.61,99.0,31.1
39,23.57,106.0,28.2
43,26.64,132.5,38.9
34,25.56,118.0,28.5
42,27.26,120.0,35.3
60,22.13,122.5,46.5
65,22.84,165.0,60.9
45,21.35,116.0,34.0
38,21.35,113.0,53.4
38,23.97,122.5,31.8
59,25.63,142.5,52.2
55,26.09,170.0,81.4
62,27.2,132.5,52.4
37,19.61,118.0,28.2
38,24.18,119.0,31.0
52,23.41,110.0,38.3
45,23.48,112.0,33.9
41,21.1,107.5,29.0
52,24.06,125.0,67.3
59,20.12,111.5,42.2
53,20.31,139.0,45.0
48,27.6,165.0,50.9
54,26.2,145.0,74.5
39,23.9,108.0,28.9
46,33.79,138.0,45.2
45,26.0,116.0,35.9
50,25.03,138.0,44.5
46,23.97,108.0,33.8
36,20.79,108.0,25.5
53,39.53,164.0,58.9
50,24.0,148.0,46.6
63,24.69,131.5,51.9
38,20.4,96.0,23.8
56,22.89,120.0,43.4
41,31.61,128.0,38.3
38,27.06,114.0,30.9
48,28.31,148.0,46.9
56,25.16,140.0,49.3
55,26.76,127.5,46.1
41,28.78,120.0,35.2
48,29.07,130.5,42.9
57,25.38,128.5,47.2
44,28.3,116.0,36.1
40,25.98,120.0,33.4
45,23.45,100.0,30.9
57,25.62,109.5,42.5
65,39.54,190.0,73.8
58,31.18,185.0,64.3
42,29.76,132.0,39.3
38,26.49,115.0,30.9
41,25.51,139.0,63.7
61,30.65,136.5,54.1
63,28.87,148.0,82.6
43,23.05,125.0,35.6
43,26.32,137.0,39.9
52,25.95,133.0,70.0
48,33.29,124.5,43.0
45,28.06,107.5,34.6
44,23.77,134.0,38.8
49,18.44,174.0,50.2
42,19.97,110.0,29.9
42,24.1,120.0,34.0
57,27.04,192.0,63.7
57,25.57,109.0,42.4
54,21.93,138.0,46.1
39,25.91,146.0,39.2
50,27.71,176.5,55.2
49,22.02,110.0,35.6
49,28.4,101.0,35.9
48,25.79,148.0,45.9
39,22.0,110.0,28.6
54,24.96,137.0,47.0
51,21.8,110.5,37.0
54,27.03,153.0,51.9
58,28.4,177.0,61.2
45,27.73,127.5,39.5
60,24.8,119.0,46.7
47,24.27,112.5,35.7
40,23.45,132.0,35.4
64,35.62,133.0,57.3
47,28.02,160.0,49.1
54,21.78,113.5,39.9
60,26.68,149.0,79.9
48,28.11,183.0,55.6
41,20.72,129.0,34.2
36,26.32,116.0,29.7
37,28.61,123.0,33.1
39,24.2,114.0,30.5
63,29.76,199.0,70.8
66,26.35,159.0,61.5
48,32.67,171.0,54.4
37,43.48,197.5,57.7
64,32.68,190.0,70.4
46,28.04,116.0,37.4
38,30.19,116.0,57.7
43,23.43,112.5,32.6
44,24.3,120.0,35.5
44,26.09,116.0,35.2
63,20.5,158.5,56.9
63,26.6,145.5,81.1
46,26.72,174.0,51.4
46,26.15,133.0,40.9
60,26.53,107.5,44.5
61,26.28,110.0,45.7
51,20.72,133.0,42.2
63,27.8,116.0,49.2
61,25.08,195.0,66.5
36,24.39,140.0,35.0
43,28.77,145.0,42.9
60,22.17,135.0,74.6
46,20.1,101.0,30.5
48,24.0,143.0,43.9
66,25.41,145.0,82.6
40,28.4,122.0,34.9
42,27.23,111.0,33.0
44,25.25,146.0,42.4
46,29.15,122.0,39.4
50,25.26,120.0,65.1
40,31.77,150.0,43.2
50,25.9,180.0,80.4
49,28.66,109.0,63.0
42,22.9,115.5,32.4
39,24.26,121.0,32.3
49,33.14,132.0,70.6
50,24.59,165.0,76.1
58,22.09,155.0,53.2
41,19.23,102.0,26.9
37,26.09,110.0,53.8
43,28.82,115.0,35.4
64,26.42,136.5,54.5
49,29.36,107.0,37.8
40,24.75,118.0,32.4
48,25.09,144.0,44.6
63,20.15,175.0,85.9
51,28.25,120.0,42.0
64,27.96,146.0,57.5
58,36.91,150.0,82.9
48,24.35,132.0,41.3
37,29.19,125.0,33.8
58,25.56,180.0,85.8
55,24.71,165.0,54.6
42,23.98,126.0,35.5
43,28.36,105.0,32.7
44,27.51,128.0,38.8
37,24.46,129.0,32.9
50,29.35,132.0,44.7
58,29.63,128.0,74.5
42,26.17,113.0,33.1
48,27.97,134.5,43.4
32,29.84,111.0,27.1
39,25.57,118.0,32.0
57,27.05,181.0,86.0
54,27.34,150.0,51.2
50,22.99,148.0,46.2
60,28.53,146.0,79.9
54,29.23,176.0,58.5
46,22.9,115.0,35.1
50,39.08,144.0,76.6
45,31.9,133.0,42.5
63,24.38,124.0,49.9
60,29.99,137.0,53.2
52,27.02,135.0,71.0
58,26.27,145.0,77.4
38,33.14,166.0,46.4
59,28.61,136.0,51.7
41,23.57,121.0,33.4
46,29.28,137.0,43.2
53,29.3,146.0,75.3
50,30.41,132.5,45.3
57,22.55,142.0,49.4
40,26.51,114.0,32.1
41,23.92,108.0,30.3
41,39.69,129.0,41.8
56,25.5,113.0,42.6
49,25.29,137.0,68.7
47,23.75,137.5,41.8
64,23.29,102.0,44.6
59,25.18,137.0,50.6
40,23.81,122.0,33.0
45,25.38,118.5,36.3
46,22.19,110.0,33.6
42,34.55,136.0,42.2
62,31.11,125.5,52.2
41,25.27,124.0,34.8
35,22.88,105.0,24.9
37,21.8,120.0,29.6
55,30.16,130.0,48.1
56,26.64,136.5,49.0
51,24.1,125.0,66.6
49,21.45,123.0,38.6
62,21.34,130.0,49.4
49,22.86,123.5,64.3
44,21.11,150.0,41.7
47,27.31,137.0,43.1
39,23.57,118.0,31.2
51,24.14,102.5,36.0
48,27.33,113.0,37.8
43,19.05,129.0,35.0
65,25.83,94.0,44.3
65,30.12,163.0,63.3
56,25.49,210.0,91.9
61,26.58,147.5,55.2
45,28.04,132.0,40.7
61,21.97,112.5,44.6
53,27.49,184.5,59.2
65,29.48,141.0,57.5
34,22.15,92.5,20.8
46,30.1,126.0,40.7
49,19.7,172.0,75.2
63,25.58,120.0,49.3
55,28.57,128.0,46.9
42,22.4,110.0,30.9
44,32.82,102.0,34.4
49,21.86,115.0,36.8
60,19.54,138.5,74.4
47,23.26,120.0,37.2
49,20.26,132.0,40.4
52,21.84,128.0,42.1
41,24.88,125.0,34.9
36,30.2,127.5,34.2
50,20.3,145.0,44.4
59,29.07,165.0,84.2
44,27.43,127.0,38.5
49,27.49,126.0,41.8
51,27.78,117.5,41.2
56,23.4,160.0,78.6
38,29.84,136.5,37.7
66,32.33,138.0,83.6
54,22.54,127.0,43.6
48,23.25,103.0,33.6
63,27.68,172.0,63.2
63,24.91,129.5,51.4
50,22.17,176.0,52.9
51,29.11,125.0,43.6
48,26.09,116.0,38.0
60,32.76,162.0,60.6
48,24.24,102.0,33.8
58,23.97,136.0,49.2
44,23.07,124.0,36.0
39,17.51,127.0,31.1
37,23.55,115.0,29.1
56,24.58,109.0,41.3
59,28.23,128.0,49.6
53,24.65,202.5,62.6
59,25.45,120.5,71.6
65,29.36,140.0,82.2
39,22.91,112.5,29.6
58,36.65,145.0,56.5
40,21.83,112.0,29.7
37,19.68,102.0,24.3
64,21.68,156.0,57.5
62,27.27,140.0,54.3
35,34.04,132.5,36.2
48,20.72,135.0,65.6
37,23.51,120.0,30.3
52,29.93,136.0,72.4
51,29.29,139.0,47.2
66,32.6,154.0,62.7
54,30.47,142.5,50.6
55,24.8,166.0,79.9
57,28.18,128.0,48.2
39,26.11,122.5,33.4
59,27.88,146.0,79.0
55,25.41,136.5,47.8
42,25.31,112.0,32.5
45,19.16,98.0,28.7
48,21.97,130.0,39.9
50,24.22,122.0,40.2
37,25.87,112.5,29.4
57,22.99,131.0,46.8
57,27.56,150.0,53.4
42,26.58,141.0,40.3
67,25.35,166.0,63.5
44,26.49,120.0,36.4
59,25.97,141.0,51.9
47,24.54,120.0,37.7
59,39.82,175.0,91.0
46,30.41,146.0,45.9
39,26.74,138.0,37.5
45,30.34,104.0,34.6
53,28.15,130.0,70.9
67,35.01,137.5,60.3
57,28.09,121.0,71.4
46,25.18,115.0,61.0
45,28.74,140.0,43.0
60,29.37,145.0,55.0
53,26.86,141.0,48.1
43,26.91,124.0,36.9
45,21.94,124.0,36.3
68,31.64,158.0,89.8
57,24.76,117.0,44.1
59,28.7,144.0,53.8
54,22.91,159.0,51.7
44,23.82,96.0,29.3
50,27.08,169.0,53.1
39,19.8,102.5,25.8
43,22.35,149.0,41.3
42,25.29,119.0,34.3
36,22.19,100.0,24.1
54,23.4,133.5,45.5
41,23.78,113.0,31.5
60,23.96,114.0,70.1
63,25.94,151.0,57.2
41,19.09,125.0,32.6
52,23.96,128.0,43.0
53,24.76,110.0,39.5
37,18.3,110.0,25.7
45,27.94,191.5,55.6
47,24.45,120.0,37.7
38,30.34,120.0,33.7
40,22.98,110.0,29.7
37,25.23,107.5,27.9
65,23.95,122.0,75.6
49,29.3,137.0,45.3
39,25.31,112.5,30.5
41,35.42,149.5,45.2
48,23.68,117.5,37.4
50,25.2,159.0,49.8
67,30.12,121.0,54.2
41,25.67,113.0,32.2
46,31.93,140.0,45.0
43,20.43,126.0,34.8
55,30.61,122.0,46.2
55,24.24,110.0,40.7
48,27.86,155.0,48.5
57,24.74,107.5,41.7
48,29.34,144.0,46.3
38,27.14,122.0,33.0
48,24.57,123.0,39.2
40,23.28,119.0,32.1
57,27.38,182.5,61.5
40,24.87,132.5,36.1
64,23.33,166.0,60.6
53,27.04,126.0,69.4
46,32.37,137.5,44.5
51,23.66,131.5,43.0
40,28.0,123.0,35.0
63,27.06,118.0,49.4
52,26.56,141.0,47.3
41,32.52,147.5,43.6
50,19.88,154.5,46.6
36,25.88,125.0,31.8
51,27.73,105.0,38.0
40,24.91,122.0,33.5
45,24.35,135.0,40.0
40,36.79,142.5,43.3
43,24.59,119.0,34.7
54,23.63,146.0,73.8
51,23.48,160.0,50.1
38,21.43,109.0,27.4
60,21.07,124.0,46.4
36,28.74,112.0,29.7
52,37.02,180.0,61.2
47,29.17,161.0,49.8
39,25.19,115.0,31.1
58,28.38,139.0,51.7
40,22.37,120.0,31.9
49,31.67,147.0,48.7
52,30.99,175.0,57.5
40,28.04,112.5,57.3
55,26.21,123.0,44.7
58,23.27,116.5,44.0
48,30.28,112.0,38.7
54,24.89,131.0,45.5
60,28.09,122.0,48.7
41,20.11,115.0,30.5
40,31.57,130.0,38.1
43,25.89,129.0,37.7
54,27.49,120.0,43.8
49,27.1,165.0,51.4
53,26.5,102.5,38.3
44,23.85,142.0,65.8
67,33.6,173.0,68.6
44,23.1,114.0,33.5
42,27.01,119.0,35.0
37,23.28,108.0,27.2
53,22.91,119.0,41.0
45,23.95,105.0,32.3
64,35.35,155.0,62.7
36,22.02,107.5,25.9
64,22.46,155.0,57.5
54,29.45,144.0,50.6
55,28.69,135.0,48.7
59,25.91,182.0,87.2
55,23.55,129.0,45.2
60,26.76,130.0,50.2
57,25.27,125.0,46.3
42,30.55,137.5,41.0
59,33.0,162.0,85.0
58,24.51,170.0,57.9
57,24.27,133.0,47.9
52,25.79,208.0,63.7
58,23.96,143.5,76.1
51,21.19,110.0,36.7
49,35.96,128.0,45.7
64,26.24,160.0,60.3
52,29.09,129.0,45.3
41,35.53,166.0,49.4
47,24.08,118.0,37.0
44,34.89,103.0,35.5
40,27.42,141.0,39.2
39,20.7,139.5,35.5
38,24.45,116.0,30.4
64,37.38,191.0,72.5
44,31.62,134.0,41.9
53,28.27,113.0,41.7
43,24.83,110.0,32.5
53,17.89,133.0,42.5
60,23.03,152.5,79.3
48,19.72,130.0,64.0
48,21.35,132.0,40.1
50,30.47,165.0,53.4
45,26.45,116.0,36.1
56,18.62,123.0,42.4
61,22.01,139.0,51.3
44,30.32,131.0,40.7
43,20.82,121.5,58.8
59,31.52,182.5,89.5
41,29.01,118.0,34.8
42,21.98,105.0,29.4
61,25.86,114.0,71.5
61,31.31,108.5,47.3
43,26.01,127.0,37.3
53,32.6,144.0,51.1
47,20.32,121.0,36.3
55,24.8,147.0,50.2
38,28.03,125.0,34.1
46,24.17,118.0,36.4
66,28.27,205.0,98.8
64,21.11,160.0,58.2
40,21.32,120.0,31.5
60,33.88,114.0,49.1
63,36.54,152.0,61.7
64,25.16,147.5,56.7
45,21.07,143.5,40.8
47,18.88,131.0,38.2
54,27.93,122.5,44.6
42,29.47,111.0,33.9
52,22.0,139.0,45.0
46,25.86,119.0,37.3
55,56.8,190.0,98.7
40,18.75,104.0,26.5
44,23.39,145.0,41.4
52,26.55,119.0,41.8
65,25.41,120.0,50.7
51,26.91,151.5,49.3
42,31.75,127.5,39.0
42,25.35,125.5,35.9
58,29.66,83.5,38.3
40,23.46,96.0,26.4
41,25.21,152.0,41.8
57,38.11,161.0,60.4
55,33.76,129.0,74.3
65,22.91,159.0,84.4
59,26.24,142.0,52.3
51,24.22,137.5,69.8
36,25.64,115.0,29.2
63,24.1,152.5,56.9
37,24.99,131.5,33.8
51,25.7,115.0,39.7
52,26.25,128.0,43.9
47,24.39,98.0,32.2
56,29.67,118.0,45.6
39,23.29,127.0,33.4
68,25.21,146.5,59.3
52,28.68,150.0,50.4
65,24.73,210.0,97.9
47,20.23,117.5,35.4
54,26.84,131.5,46.4
67,21.64,171.0,63.3
63,28.4,158.0,60.0
58,25.33,121.0,46.0
40,22.31,142.0,37.4
63,23.44,116.0,72.5
58,23.55,110.0,42.5
36,22.54,115.0,28.0
46,18.4,122.0,35.1
64,20.09,115.0,46.6
41,24.2,124.0,34.4
43,31.54,132.5,40.8
56,40.21,150.0,57.8
68,20.98,148.0,58.0
48,21.33,114.0,35.6
63,28.57,124.0,51.5
49,22.19,99.0,32.9
40,23.6,136.5,36.6
46,23.99,122.0,37.3
51,26.32,128.0,43.2
44,25.46,150.0,43.5
67,27.59,144.0,83.9
38,23.82,106.5,27.8
43,28.85,132.0,39.6
46,27.62,121.0,38.5
49,24.84,123.0,65.0
41,26.91,135.0,38.2
41,25.4,113.0,32.1
54,27.01,155.0,52.4
41,26.58,130.0,36.8
48,26.27,121.0,39.4
62,25.37,152.0,81.5
58,27.87,143.0,52.5
67,32.63,148.0,87.0
41,22.49,101.0,27.9
37,27.93,142.0,37.6
62,20.56,123.0,47.4
44,21.19,130.0,36.8
48,25.22,177.0,77.9
44,22.02,103.0,30.4
42,21.49,116.0,32.0
48,26.39,121.0,39.4
40,24.29,113.0,31.0
46,26.97,140.5,43.1
46,22.53,120.0,36.2
56,23.68,165.0,79.9
40,26.56,140.0,38.6
53,21.01,141.0,70.8
63,27.69,170.5,62.8
41,31.12,127.0,62.9
55,19.81,142.0,46.9
45,22.33,119.0,35.2
68,26.58,139.0,83.0
43,27.49,108.0,33.1
45,23.68,117.5,35.3
38,28.21,132.0,35.9
40,26.77,131.0,36.5
40,22.37,107.0,28.7
43,23.95,111.0,32.4
58,26.05,156.0,80.0
45,23.08,121.0,61.0
59,24.92,108.0,43.3
39,29.68,109.0,31.4
64,25.77,126.5,76.7
44,34.39,132.0,67.6
39,28.33,120.0,33.6
52,24.56,119.5,66.1
47,23.29,107.0,34.0
45,30.53,114.0,37.2
45,31.14,175.0,52.7
41,22.41,114.0,31.2
50,26.09,150.0,72.9
54,30.47,138.0,49.5
41,31.71,113.5,34.8
44,24.17,132.5,38.6
44,17.48,109.0,30.0
45,23.14,126.0,37.3
46,23.22,113.5,34.9
41,25.48,134.0,37.4
41,27.27,107.0,31.4
58,27.02,165.0,57.7
65,24.12,111.0,47.9
44,24.67,123.0,36.4
41,31.57,93.0,29.6
60,29.28,123.5,49.6
59,26.23,190.0,64.3
40,18.82,115.0,29.3
42,30.22,127.0,38.2
56,28.22,101.0,40.7
52,28.33,171.0,80.5
54,26.13,132.0,46.3
42,21.99,118.5,32.8
42,28.84,133.0,39.2
43,21.83,181.0,49.1
49,28.38,143.0,46.4
47,27.73,102.5,34.6
53,24.15,142.5,47.4
62,23.29,126.0,49.2
55,32.51,165.0,57.8
41,23.08,113.5,31.3
38,21.49,116.5,29.3
50,25.65,128.0,42.3
44,25.12,138.0,40.3
55,28.55,148.0,51.9
53,26.73,156.0,51.8
54,25.09,142.5,48.5
36,25.97,105.0,26.8
47,29.98,148.0,71.9
51,16.98,138.0,67.0
60,22.69,149.0,53.3
49,23.03,166.0,75.0
43,25.62,141.0,40.6
57,37.15,111.0,47.5
61,25.98,155.0,56.8
46,25.6,147.0,44.2
47,34.91,197.0,86.1
62,27.4,164.0,60.4
62,31.2,156.0,84.9
35,21.63,116.0,27.2
48,28.62,117.5,64.4
51,24.49,146.0,72.0
42,30.03,118.0,60.9
40,19.64,110.0,28.4
44,23.13,122.5,35.7
46,23.62,144.0,42.6
40,22.54,105.0,28.3
40,29.38,121.5,35.1
48,26.27,114.0,37.6
43,19.48,119.0,32.6
48,18.55,102.5,31.6
43,27.78,116.0,35.2
38,28.88,123.0,33.9
48,25.14,114.0,37.2
58,22.49,181.0,59.8
51,25.15,132.0,43.8
42,23.22,129.0,35.9
46,28.12,145.0,44.7
48,23.1,116.0,36.8
55,18.06,107.5,37.6
59,28.96,135.0,51.6
41,20.62,117.5,31.3
57,26.36,139.0,75.2
51,24.87,135.0,44.4
42,24.21,131.0,36.8
41,24.73,108.0,30.6
45,22.54,138.0,40.0
61,18.14,102.0,40.5
43,23.18,125.0,35.6
54,25.36,126.0,69.4
40,20.7,124.0,32.3
59,28.06,198.0,67.0
40,24.74,123.0,33.6
60,30.71,135.0,53.0
49,26.87,134.0,43.5
52,25.12,163.0,52.2
51,28.55,119.0,41.9
49,25.61,115.0,38.3
52,24.85,141.0,46.6
42,29.89,114.5,35.0
44,27.17,124.0,37.7
50,28.21,140.0,71.3
50,25.61,145.5,46.6
54,26.42,113.5,41.7
48,35.12,131.0,45.4
52,27.73,135.0,46.2
42,23.68,150.0,41.4
50,21.82,126.0,40.2
46,24.67,107.0,33.8
59,21.48,111.0,42.6
59,22.17,135.0,48.9
50,25.45,190.0,57.7
39,20.99,107.0,27.4
48,22.98,113.0,36.0
58,25.33,136.0,49.7
47,23.44,106.0,33.8
57,22.66,112.0,42.0
63,21.35,125.0,48.9
43,35.16,122.5,39.8
56,30.77,175.5,60.4
50,20.72,96.5,32.4
47,24.23,132.0,40.6
48,21.51,114.0,35.7
56,27.73,130.0,47.8
40,23.35,119.0,32.1
63,24.19,172.0,86.8
52,21.84,118.0,39.6
61,35.22,185.0,68.0
59,27.48,149.0,54.5
42,23.99,122.0,34.5
41,23.96,126.5,59.9
48,24.87,142.5,44.2
49,29.91,160.0,51.3
43,17.81,103.0,28.0
53,27.17,135.0,46.7
49,31.07,128.0,68.7
67,24.67,140.0,56.8
42,27.38,143.0,41.1
59,39.4,181.0,92.3
46,28.65,163.5,49.5
44,26.84,152.5,44.7
47,23.78,122.0,37.9
36,25.25,124.0,31.3
51,27.51,166.0,53.2
49,23.88,102.0,34.4
54,22.73,103.0,37.6
49,27.29,130.5,42.8
67,22.9,113.0,49.3
62,17.17,102.5,65.9
38,18.18,90.0,21.4
45,26.32,138.5,41.7
50,20.74,109.0,35.5
45,24.24,124.0,37.2
48,24.67,132.5,41.6
58,26.11,171.0,83.8
36,24.47,112.5,28.1
55,23.79,117.0,42.3
40,24.6,119.0,32.6
57,25.13,120.0,70.0
40,25.75,109.0,30.5
41,24.38,135.0,37.2
43,21.73,133.5,37.2
63,40.81,149.0,62.7
59,23.65,127.5,47.6
67,27.86,204.0,99.0
42,28.04,129.0,37.9
52,31.02,114.0,42.3
39,20.74,125.0,31.8
42,21.12,120.0,32.8
43,26.24,118.0,35.1
52,30.42,132.5,46.7
45,22.01,120.0,35.3
61,27.3,142.0,79.1
56,28.61,122.0,46.1
43,23.97,137.0,38.9
56,23.58,151.5,51.5
55,27.38,134.0,48.0
46,26.83,132.5,41.1
43,24.25,112.0,57.8
43,24.17,107.5,56.6
50,24.1,127.0,41.4
48,23.34,140.5,68.1
49,27.94,142.0,46.0
46,22.08,132.0,39.0
57,38.61,207.5,97.2
51,25.62,115.0,39.7
40,21.32,115.0,30.3
51,28.85,127.0,69.0
41,22.27,102.0,28.1
59,24.67,181.0,61.4
61,31.27,191.0,68.0
43,20.4,138.0,37.8
65,29.8,145.0,83.7
42,30.91,136.0,40.8
41,21.27,110.0,29.7
55,29.65,106.0,41.9
56,25.12,113.0,42.5
56,28.3,126.5,72.1
48,24.32,162.5,49.0
56,26.01,150.5,52.2
51,24.58,148.5,47.7
59,26.48,132.0,49.9
54,22.49,116.0,40.8
47,20.39,147.0,42.8
45,19.46,104.0,30.3
53,30.75,121.0,44.6
54,32.1,195.0,64.4
59,25.11,130.5,49.0
41,26.89,137.5,63.8
47,25.62,110.0,35.6
65,24.72,167.5,62.3
44,25.71,131.0,38.8
54,25.11,147.5,74.7
55,22.57,165.0,78.8
53,23.65,142.0,47.1
52,30.38,177.0,82.8
51,23.6,108.0,37.1
49,21.18,124.0,38.8
68,23.13,145.0,83.1
39,25.51,108.0,29.5
54,29.86,155.0,53.5
44,23.24,105.0,31.3
46,33.49,105.0,36.8
49,24.96,147.5,46.2
46,22.34,127.5,38.0
63,33.66,162.0,63.1
51,25.79,136.5,45.1
55,29.86,134.0,48.9
61,29.87,174.5,63.3
38,24.46,126.0,32.9
36,25.23,126.0,31.8
50,29.38,133.5,70.1
42,28.09,125.0,36.9
45,23.46,148.5,43.0
48,25.5,105.0,35.0
50,28.26,158.0,75.8
52,27.09,130.0,44.7
50,26.73,198.0,60.2
58,25.18,152.5,53.8
57,26.13,153.0,78.6
41,39.21,142.5,45.0
55,25.71,144.0,49.8
44,22.33,130.0,37.2
40,26.38,107.5,30.4
58,26.85,150.0,78.8
45,31.72,160.0,49.2
38,22.18,98.0,25.0
61,28.85,122.0,49.7
57,29.28,134.0,50.1
62,23.29,126.0,49.2
50,23.09,121.0,39.5
36,30.82,103.0,28.3
44,25.65,135.0,39.8
44,31.69,127.0,40.2
44,23.23,125.0,36.3
51,31.04,115.0,66.9
55,27.18,125.0,45.6
48,25.94,150.0,46.5
64,26.11,94.0,43.7
53,34.69,163.5,56.9
37,25.91,126.0,32.8
49,23.35,123.0,39.4
40,31.57,132.0,38.6
45,26.35,118.5,61.7
39,22.85,105.0,27.7
55,24.68,131.0,46.1
57,30.74,160.0,57.2
42,24.98,118.0,33.9
52,26.77,131.0,44.9
35,19.14,106.0,23.7
39,22.72,126.0,32.9
54,24.11,122.0,42.9
56,27.38,125.0,46.4
49,24.26,147.0,45.8
39,28.62,148.0,40.7
53,24.21,130.0,44.3
59,27.59,120.5,72.5
52,25.4,137.0,45.8
45,23.72,109.0,33.2
53,29.4,122.0,44.4
66,23.22,197.0,69.7
41,31.65,147.5,43.2
45,22.54,115.0,34.3
46,18.28,131.0,37.3
41,25.38,125.0,35.1
59,25.65,186.5,63.2
44,20.52,141.0,39.3
56,24.54,124.0,45.0
57,24.43,115.0,43.4
53,26.55,108.5,39.8
34,24.99,112.5,26.9
38,29.76,142.0,39.0
44,25.01,114.0,34.3
45,23.96,121.0,36.3
57,26.33,149.0,52.7
61,23.84,124.5,73.4
38,23.84,126.0,32.6
57,28.53,123.0,47.1
47,30.61,107.0,36.9
39,20.71,135.0,34.3
54,27.76,130.0,46.4
58,26.51,147.0,53.0
69,17.23,164.0,61.2
60,20.84,130.0,47.8
63,32.57,153.0,85.4
50,18.26,134.0,40.8
56,27.68,128.5,47.4
54,23.08,127.5,43.9
57,27.99,193.0,64.3
48,26.4,175.0,52.9
44,25.34,106.0,32.4
60,18.64,164.0,80.5
41,23.46,154.0,41.6
50,24.29,123.0,40.5
49,29.22,131.0,43.7
50,27.83,148.5,48.3
61,24.69,215.0,96.3
52,33.9,127.5,46.8
33,24.95,136.0,32.1
46,27.17,130.0,40.6
52,23.78,116.0,39.9
45,26.95,130.0,39.8
46,21.01,114.0,34.1
63,28.85,138.5,55.3
41,19.16,123.0,57.1
41,21.49,127.0,34.0
52,23.43,98.0,35.3
46,25.98,133.0,40.8
63,28.27,196.0,94.4
37,31.47,105.0,29.7
43,24.38,139.0,39.6
67,27.89,111.0,75.8
42,22.65,117.5,32.8
51,29.64,141.0,72.8
63,32.66,158.0,61.7
36,30.18,111.0,30.0
51,32.98,127.5,45.8
43,24.81,147.5,41.9
40,24.35,131.5,35.6
49,29.76,152.0,74.2
57,28.13,127.0,47.9
39,24.06,122.5,32.5
58,28.4,159.0,56.7
54,23.74,151.0,50.0
53,24.8,152.0,50.0
60,25.09,133.0,50.3
40,36.01,141.5,42.8
49,40.51,172.0,83.5
52,16.59,114.0,36.5
57,23.81,139.0,49.2
46,22.5,115.0,34.9
42,34.71,136.0,42.3
40,29.62,127.0,36.6
54,33.11,146.0,52.5
51,30.79,150.5,50.6
54,22.97,162.5,77.6
51,23.48,115.0,38.8
39,23.07,120.0,31.5
54,26.42,147.5,50.2
47,28.14,132.0,42.2
63,23.5,130.0,51.0
39,27.62,121.0,33.6
40,24.23,124.0,33.7
45,28.24,126.0,39.3
63,32.78,127.5,54.1
47,28.24,163.5,50.1
42,28.77,149.0,43.2
38,28.94,117.5,32.6
44,27.22,132.0,39.7
45,25.74,129.5,39.2
53,27.88,163.0,54.0
43,22.34,128.5,36.2
54,24.05,116.0,41.4
48,27.69,114.5,38.3
38,20.44,179.5,44.7
54,28.76,125.0,70.6
62,28.66,121.5,50.2
51,23.86,142.5,45.9
39,23.9,126.0,33.4
46,20.23,120.0,35.3
44,19.05,126.0,34.9
48,31.78,134.0,44.8
42,22.19,118.5,32.9
52,25.23,125.0,42.7
62,33.7,160.0,61.9
54,26.47,155.0,52.1
64,28.92,133.0,54.6
65,25.74,137.0,55.0
49,29.35,144.0,47.0
60,23.27,177.0,85.6
70,31.78,136.0,60.7
44,27.33,114.0,35.2
40,35.02,138.0,41.5
47,28.84,140.0,44.4
39,22.44,116.0,30.3
57,17.71,133.0,45.2
58,19.18,140.0,73.3
67,35.35,170.0,68.5
42,22.32,124.0,34.3
60,33.45,150.5,58.0
52,20.15,136.0,43.5
51,28.57,159.0,76.9
44,30.57,147.5,69.9
50,25.38,151.0,47.9
41,24.62,132.0,36.5
38,20.73,107.0,26.6
57,23.22,125.0,45.4
35,23.93,131.0,31.8
42,30.31,122.0,37.0
37,26.62,123.5,32.4
45,23.85,107.5,32.9
58,25.02,161.0,55.9
35,25.16,122.5,30.2
51,24.44,157.0,49.7
62,29.49,154.0,58.7
42,21.88,103.0,53.9
44,24.37,122.0,36.0
39,28.09,153.0,66.8
44,26.44,140.0,41.4
59,24.87,108.0,43.2
60,24.86,167.0,83.7
53,26.25,132.0,70.6
40,22.73,115.0,30.8
53,28.09,115.0,42.1
41,23.81,122.0,33.7
60,22.43,140.5,51.1
36,21.59,107.0,25.6
45,26.27,117.5,61.4
50,23.07,136.5,43.4
43,34.32,113.0,37.1
45,27.88,121.0,37.9
49,31.4,131.0,44.6
42,23.56,119.5,33.7
55,21.18,128.0,44.0
45,26.05,164.0,72.9
53,28.49,152.0,51.5
39,26.44,113.0,31.1
38,20.71,117.5,29.3
42,25.74,151.5,42.6
48,23.36,120.0,37.9
62,27.89,126.0,51.1
63,27.13,148.0,57.0
49,21.45,120.0,37.9
46,18.99,97.5,54.2
55,22.72,150.0,75.1
43,19.78,95.5,26.9
45,25.56,116.0,35.7
38,24.69,105.0,27.7
46,24.3,140.0,66.9
48,23.96,124.0,39.2
45,24.1,130.0,38.6
59,28.41,132.0,50.7
43,23.02,104.0,30.3
45,35.02,142.0,46.0
49,19.72,120.0,37.2
38,25.62,128.0,33.8
47,22.73,144.0,43.0
45,32.92,105.0,35.9
49,23.79,140.0,43.8
37,27.98,122.0,32.6
52,31.05,136.5,72.9
37,16.48,137.5,31.9
45,27.15,127.5,39.2
57,23.04,124.0,45.1
46,27.78,170.0,50.8
48,23.85,138.5,42.8
46,26.25,154.0,46.2
57,26.84,199.5,90.5
55,27.6,141.0,49.8
39,29.06,161.0,44.2
40,22.81,126.0,33.6
42,23.43,111.0,31.5
61,24.83,137.0,51.9
65,30.43,152.0,85.7
36,23.24,109.0,26.7
44,23.24,128.0,37.1
50,19.72,123.0,38.6
43,21.26,124.0,34.6
50,24.47,152.0,72.8
41,21.26,120.0,32.2
43,28.18,120.0,61.4
41,22.5,108.0,29.7
55,27.86,132.0,47.6
58,25.08,136.5,49.8
46,32.89,165.0,51.6
45,24.56,128.5,38.4
66,27.07,193.0,95.3
47,20.88,110.0,58.8
51,24.03,119.0,40.1
46,26.35,117.0,37.0
43,26.66,115.0,34.5
42,25.14,134.0,63.0
64,21.82,131.0,51.3
39,28.44,134.0,37.2
45,24.74,132.5,39.5
52,32.27,133.0,47.6
50,24.56,129.0,42.1
60,26.85,146.0,54.2
62,27.94,135.0,53.3
51,30.75,115.5,41.9
51,22.34,122.5,40.3
40,23.08,123.0,33.0
39,25.79,131.0,35.4
47,23.72,119.0,37.1
48,21.08,129.0,39.3
40,23.74,131.0,35.2
43,26.61,114.0,34.2
51,28.86,110.0,64.7
59,27.87,168.0,84.4
44,21.27,145.0,40.6
64,20.06,143.0,53.6
50,25.14,108.0,37.1
37,21.84,108.0,26.6
54,23.52,121.0,42.5
60,25.64,122.0,47.8
69,20.92,117.0,50.9
36,21.63,124.5,30.0
51,20.24,127.0,40.5
40,23.59,106.0,28.9
58,25.68,105.5,42.2
44,25.48,135.0,39.7
44,28.23,113.5,35.5
42,24.68,102.0,29.8
48,20.99,118.5,36.6
46,31.31,121.0,40.0
44,24.94,117.0,35.0
47,22.71,115.0,35.7
46,28.53,116.5,37.7
41,19.09,99.0,26.1
61,23.65,115.0,45.9
42,18.11,122.0,32.1
69,24.14,151.0,60.7
53,25.7,142.0,47.9
66,23.36,112.0,48.5
45,22.79,117.0,34.9
38,25.63,123.0,32.6
58,23.37,112.0,42.9
39,21.51,112.5,29.0
47,23.09,121.0,37.4
56,30.33,164.5,57.5
44,19.18,130.0,36.0
59,27.2,127.0,48.9
63,28.25,142.5,56.0
65,31.34,155.0,61.8
43,24.45,124.5,36.0
41,20.67,120.0,32.0
55,28.49,137.0,49.1
46,26.84,124.5,39.1
46,22.72,112.5,34.4
39,30.08,148.0,41.3
48,22.72,128.0,39.7
46,29.15,119.0,63.6
48,24.53,120.0,38.4
57,25.51,136.5,49.2
40,23.06,101.0,27.5
61,21.77,129.0,48.7
47,29.34,139.0,69.4
47,23.48,127.0,39.0
42,22.91,119.0,33.3
56,28.41,114.0,44.1
41,25.54,110.0,31.4
40,22.67,138.0,61.6
58,21.02,127.5,45.9
48,33.99,133.0,70.4
65,21.18,119.0,48.7
61,22.91,134.5,50.5
52,20.4,102.0,35.1
47,24.71,124.0,38.8
41,27.78,159.0,44.6
47,34.56,118.5,41.3
60,21.76,108.5,42.8
37,28.78,119.0,32.2
36,23.1,110.0,26.9
52,24.8,181.0,81.6
58,21.68,143.5,50.1
57,25.48,177.5,84.5
45,22.18,119.0,35.1
58,24.0,125.0,46.4
62,28.83,157.0,59.2
61,19.22,102.0,40.9
44,27.78,111.0,59.7
48,24.95,131.0,41.3
65,26.08,122.0,51.4
52,24.88,138.0,45.9
39,29.7,124.0,35.2
46,26.18,106.5,34.3
40,25.67,125.0,34.5
63,25.84,141.0,79.7
39,24.04,141.0,37.2
50,26.76,107.5,37.6
46,27.31,159.0,47.9
47,20.86,143.0,67.0
64,29.97,160.0,61.8
59,21.82,154.5,53.7
63,25.09,133.5,52.5
51,20.82,112.0,62.0
47,31.31,147.5,47.3
38,20.39,123.0,30.5
45,25.23,135.0,40.3
61,25.51,113.0,46.2
51,29.11,168.0,79.3
45,24.62,117.5,35.7
54,31.82,138.0,50.0
64,20.09,195.0,91.6
49,22.17,125.0,39.4
59,28.3,159.0,57.4
48,25.82,126.0,40.4
48,23.95,140.0,43.2
63,22.49,134.5,51.7
55,28.52,115.0,68.7
42,19.12,110.0,29.5
59,26.08,144.5,52.9
64,26.91,149.5,57.9
51,28.58,142.0,47.6
54,24.39,114.0,41.1
66,25.59,150.0,83.9
52,23.68,159.0,75.6
36,35.31,128.0,36.3
54,38.31,165.0,59.4
47,23.4,102.5,32.9
41,25.14,112.0,31.8
62,25.35,127.5,75.4
65,26.82,143.5,57.1
50,29.36,143.0,72.5
55,28.45,121.5,45.3
51,22.86,98.0,34.3
37,23.8,120.0,30.4
68,29.25,144.0,60.3
60,24.1,141.0,51.9
47,27.82,133.0,42.3
38,25.69,102.0,27.4
47,25.85,116.5,37.4
48,25.21,141.0,43.9
51,27.22,158.0,76.1
61,31.63,168.0,62.4
56,31.5,128.5,48.9
41,28.76,139.0,40.0
47,21.14,125.0,37.6
50,26.3,119.0,40.3
37,22.79,112.0,28.0
59,31.08,138.0,53.2
50,24.45,110.0,37.3
44,31.93,113.0,36.8
61,26.98,182.0,64.0
43,24.68,121.0,35.2
62,28.73,130.0,52.4
57,21.2,140.0,48.4
39,31.6,122.5,35.6
46,20.87,111.0,33.3
49,30.33,160.5,51.6
44,26.58,103.0,32.2
62,26.18,118.5,48.5
55,24.14,165.0,54.4
58,25.96,140.0,51.0
53,19.97,132.5,68.2
46,21.66,123.0,36.6
62,30.53,162.0,61.1
52,23.35,132.0,43.7
41,25.2,112.0,56.8
44,21.44,150.5,67.0
59,22.38,135.5,49.1
58,26.94,153.0,54.6
51,24.1,112.0,38.3
63,29.01,113.0,49.0
42,27.71,108.0,32.5
44,25.21,142.0,41.4
57,27.64,153.0,54.2
49,22.54,130.0,40.8
53,22.19,108.0,38.0
54,25.91,123.0,43.9
63,27.31,167.0,86.8
63,23.72,113.0,46.8
42,22.9,125.0,34.8
41,28.08,129.0,37.2
66,29.04,167.0,64.6
52,25.82,151.0,49.5
48,22.83,127.0,39.5
53,23.65,128.0,43.6
45,24.39,122.0,36.8
40,28.09,119.0,34.0
39,28.35,145.5,40.0
51,26.36,168.5,53.4
45,23.86,165.0,47.3
44,25.14,133.0,39.1
55,28.66,163.0,55.7
56,22.64,114.0,41.8
51,26.97,115.0,40.2
42,29.35,132.0,39.1
52,27.78,135.0,46.3
36,24.43,101.5,25.3
42,21.5,124.0,34.0
48,23.62,122.0,63.5
50,23.29,112.5,37.4
36,29.59,118.0,31.5
62,24.46,112.0,46.2
61,23.48,148.0,54.1
36,26.79,147.0,37.7
58,23.07,146.0,76.3
57,32.09,147.5,79.6
49,28.3,136.0,44.6
48,20.41,129.0,39.0
56,29.22,174.0,84.4
61,26.3,128.0,50.2
51,22.91,108.0,36.9
42,22.26,126.0,34.8
58,18.53,159.5,52.9
47,29.73,138.0,44.3
50,20.17,126.0,39.6
52,26.55,139.0,71.8
52,24.98,125.0,42.6
57,23.01,132.0,47.1
61,22.35,120.0,46.6
62,22.35,156.0,56.3
56,24.47,142.0,49.5
57,26.36,123.0,71.2
60,23.06,135.0,50.0
50,22.81,108.0,36.1
54,20.72,115.0,39.8
52,25.88,128.0,43.8
54,19.18,135.0,44.2
44,22.72,118.0,34.4
59,25.02,138.0,50.8
62,28.24,175.0,63.4
45,23.75,128.5,38.1
40,28.57,112.0,32.4
43,27.15,144.5,42.1
42,28.89,158.0,45.5
40,20.79,110.0,28.8
48,26.79,115.0,38.1
43,30.79,127.0,39.2
59,26.89,151.5,54.9
60,27.13,133.0,51.1
63,21.9,159.0,82.6
50,35.68,158.0,53.8
38,25.42,123.0,32.5
35,17.92,100.5,21.8
56,21.97,166.0,54.5
45,21.51,113.0,33.4
40,22.9,111.0,29.9
35,16.71,83.5,42.1
67,21.93,144.0,56.7
62,37.1,248.0,99.0
61,23.16,126.0,48.5
54,26.21,121.0,43.5
38,27.22,111.0,30.2
63,19.69,152.0,80.0
60,27.94,155.0,56.9
49,20.13,108.0,34.4
53,28.47,172.5,56.6
50,32.22,122.0,43.4
62,25.62,163.0,84.4
55,31.44,123.0,46.8
46,20.06,108.0,32.2
40,27.65,112.5,32.2
38,23.74,107.5,28.0
55,23.81,143.0,48.8
40,23.29,129.0,34.6
58,24.73,98.0,65.0
49,28.86,116.0,39.8
50,22.93,114.0,37.7
45,22.82,124.0,36.6
42,27.72,196.0,54.5
51,24.63,160.0,50.6
56,24.22,122.5,44.5
53,26.05,156.0,51.5
38,24.38,126.5,33.0
59,29.51,139.0,52.9
48,17.5,108.0,32.6
40,30.55,122.0,35.7
62,22.53,176.5,86.5
36,20.42,115.0,27.1
43,24.21,121.0,35.0
56,27.69,131.0,48.0
59,28.47,127.0,49.4
43,38.96,161.5,51.1
43,22.05,100.5,29.0
50,24.61,131.5,42.7
46,20.25,131.5,38.2
60,25.05,174.0,60.5
43,24.92,125.0,36.3
61,26.46,131.0,76.0
60,26.13,143.5,53.3
48,26.83,136.0,43.3
38,27.14,123.5,33.3
44,28.92,164.0,73.4
49,26.03,149.0,47.0
52,21.18,133.0,43.1
60,24.68,139.0,51.6
62,24.53,124.0,49.2
58,23.65,139.0,74.8
48,18.01,113.0,34.1
44,22.67,116.0,33.9
47,28.88,182.0,55.0
44,22.19,113.0,32.9
46,24.91,126.0,38.7
37,24.61,112.0,28.7
57,28.9,130.0,49.0
55,31.68,104.0,42.2
54,27.64,106.0,40.4
55,22.89,177.5,57.0
46,24.24,121.0,37.1
39,30.36,134.0,37.9
37,17.93,110.0,25.6
43,18.83,128.5,34.8
46,21.34,115.0,34.5
68,30.12,154.0,63.1
46,28.06,202.0,83.9
41,33.08,151.0,69.7
55,20.92,154.0,50.4
39,29.72,162.0,44.7
41,22.54,122.0,33.2
46,22.54,117.0,35.5
48,25.1,123.0,39.4
53,25.52,123.0,43.1
58,26.98,110.0,43.9
57,25.51,117.0,69.4
40,30.8,122.0,60.8
49,20.26,154.0,45.9
43,23.83,106.0,31.1
37,31.22,114.5,32.0
43,22.17,99.0,28.7
46,21.67,99.5,30.7
62,26.21,185.0,90.1
53,32.52,148.0,52.1
61,30.23,108.0,46.8
35,26.23,159.0,39.7
49,21.14,121.0,63.0
56,24.62,116.0,43.0
67,19.53,185.0,66.0
54,31.44,158.0,54.9
39,22.43,85.0,22.5
42,22.06,123.0,34.0
65,32.54,169.0,65.8
40,39.94,130.0,66.5
41,34.54,117.0,36.8
36,22.66,105.5,25.6
48,27.61,135.0,43.4
52,25.37,146.0,48.0
63,21.33,165.0,58.9
61,27.04,143.0,79.3
44,22.55,110.0,32.3
53,32.32,176.0,59.0
44,26.51,118.0,35.9
39,20.55,104.0,26.5
44,24.56,136.0,39.6
48,28.96,117.0,39.4
45,34.27,130.0,42.7
58,28.24,135.0,50.6
40,20.25,122.5,31.7
39,25.31,140.0,37.4
47,23.64,107.0,34.1
44,21.28,167.5,46.2
47,24.62,122.5,38.4
57,18.09,133.0,45.4
60,29.64,138.0,53.4
41,28.68,117.5,34.5
42,18.73,101.0,27.1
58,25.26,109.0,43.0
45,28.4,132.0,40.9
40,24.73,131.5,35.8
63,28.6,123.0,51.3
49,25.83,119.0,39.4
51,21.66,137.0,43.6
40,28.32,130.0,36.8
49,24.82,128.0,41.2
41,21.02,128.5,34.2
55,28.26,161.0,80.1
38,23.76,120.0,31.1
54,24.76,230.0,70.2
40,22.69,118.0,31.6
50,25.31,121.0,40.4
54,32.99,143.0,51.7
66,27.56,140.0,57.2
63,25.9,155.0,58.2
52,29.35,153.0,51.4
48,22.19,146.5,44.1
38,21.44,117.5,29.6
54,25.58,137.5,72.4
38,21.67,138.0,34.8
65,29.08,147.5,84.0
53,26.32,129.0,44.9
44,25.38,101.0,31.2
47,23.39,120.0,37.3
47,30.59,162.0,50.6
57,23.41,197.0,88.5
44,29.29,133.0,40.8
43,24.44,164.0,45.9
50,33.81,189.0,85.8
41,23.8,125.5,34.6
45,28.81,134.0,41.5
46,21.14,118.0,35.2
50,21.86,142.5,44.4
42,28.74,124.0,36.9
58,25.66,126.0,47.4
48,26.36,136.0,43.1
36,22.54,112.0,27.2
55,27.56,112.5,42.6
68,26.73,106.0,74.8
37,23.1,118.0,29.6
56,18.46,120.0,41.6
50,39.94,147.0,52.7
53,28.71,108.0,40.6
62,27.99,128.0,76.6
40,34.46,142.0,42.3
41,24.71,140.0,38.6
38,25.75,113.0,30.1
53,26.76,151.0,50.6
56,28.67,139.0,75.4
46,23.65,144.0,42.7
51,39.22,153.0,54.6
39,24.41,146.0,38.6
37,41.29,141.0,42.7
62,23.03,122.0,48.1
43,23.09,138.5,39.0
46,18.68,112.5,32.8
48,29.45,100.0,60.4
48,27.48,140.0,44.6
49,24.68,114.0,37.7
60,30.85,155.0,58.1
49,23.58,128.0,40.7
41,22.53,97.0,27.0
38,19.49,112.0,27.4
59,25.69,148.0,53.6
56,24.66,167.0,80.8
54,24.21,113.0,40.7
48,25.83,136.0,42.9
69,25.4,166.0,65.0
67,25.86,214.0,99.0
43,27.94,143.0,42.0
48,25.68,134.5,42.5
48,40.08,132.0,72.6
42,24.87,124.0,35.3
47,34.08,159.5,76.4
60,27.94,145.0,54.4
62,29.88,125.0,51.6
57,27.51,123.0,71.7
38,28.3,117.5,32.3
56,29.77,132.5,49.2
51,25.79,119.0,40.8
40,22.14,131.0,34.6
43,26.01,123.0,36.3
34,23.51,117.5,27.6
55,25.94,140.0,48.9
44,21.99,116.0,33.6
50,30.89,114.0,40.9
52,26.89,119.0,41.9
63,24.38,125.0,50.1
43,25.6,147.5,42.2
41,28.8,124.5,36.3
34,21.51,111.0,25.2
37,25.66,141.0,36.4
50,23.96,105.0,35.8
36,26.82,127.0,32.7
59,25.92,126.5,48.3
40,24.6,136.5,37.0
42,27.53,145.0,41.7
42,25.71,134.0,38.2
43,30.22,135.0,40.9
49,32.13,145.0,48.4
47,24.33,138.0,42.1
60,27.73,149.0,55.3
46,36.12,170.0,54.1
46,22.76,141.0,41.6
49,27.92,141.0,45.7
42,20.06,124.0,33.4
42,27.83,121.0,35.8
53,23.84,142.5,72.3
57,24.83,120.0,44.8
44,31.29,142.0,43.8
60,22.0,172.5,83.9
47,27.42,128.0,40.9
40,20.32,109.5,28.5
44,26.26,104.0,32.3
65,32.41,144.5,59.6
49,24.16,118.0,38.5
56,28.66,150.0,53.2
41,23.68,158.0,42.7
46,26.22,148.0,44.7
56,36.18,120.0,48.7
59,23.94,155.0,54.6
45,20.5,108.0,31.7
63,28.43,196.0,69.5
59,27.93,116.0,46.5
60,30.41,167.5,86.0
48,23.08,143.0,43.6
50,23.48,96.5,33.5
45,25.38,133.5,40.0
55,27.49,132.0,47.5
55,28.18,124.0,45.8
41,20.7,126.0,33.5
57,41.61,146.5,83.2
65,32.0,153.0,61.5
36,26.53,122.0,31.3
60,28.04,140.0,53.2
44,21.19,143.0,40.0
39,24.0,112.5,30.0
55,28.86,145.5,51.4
61,26.8,163.0,59.2
38,24.91,115.0,30.3
59,24.67,149.0,53.4
60,19.91,134.0,48.5
54,21.22,110.0,38.8
45,23.26,163.0,46.6
38,24.28,107.0,28.1
56,27.51,113.0,43.5
35,23.95,115.0,27.8
34,24.42,100.5,23.7
44,26.95,107.5,33.5
46,22.83,158.0,45.8
45,21.03,118.0,34.4
50,23.31,110.0,36.8
55,28.68,122.5,70.6
53,25.23,130.0,44.7
60,26.38,160.0,57.6
39,27.52,118.0,32.8
61,31.03,161.5,60.5
34,19.68,108.5,23.8
40,22.13,99.0,26.6
52,23.86,125.0,42.2
35,29.27,106.0,27.7
49,22.86,115.0,62.2
43,29.48,126.0,38.4
40,27.99,120.0,34.2
40,23.41,97.0,26.6
39,24.5,102.0,27.6
50,20.42,131.0,40.9
51,24.41,131.0,43.2
59,35.11,143.5,56.2
37,24.81,113.0,29.1
61,23.61,141.0,52.4
47,27.9,139.0,43.8
67,23.1,101.0,71.4
64,24.02,142.0,54.9
55,29.44,100.5,40.4
41,26.83,133.0,37.7
60,22.19,131.0,73.6
42,19.74,129.0,34.5
38,25.69,115.0,30.6
47,26.25,137.0,42.7
49,22.52,125.0,39.6
61,25.36,119.0,47.6
52,26.51,154.0,50.5
56,26.21,136.0,73.7
54,23.5,152.5,50.3
34,24.96,102.0,24.3
58,32.18,164.0,59.5
54,25.07,170.0,55.3
48,29.8,152.5,48.6
59,25.48,116.0,70.5
53,24.8,113.0,65.3
43,27.94,127.5,38.2
54,25.36,141.5,73.3
48,22.51,110.0,35.1
48,25.23,125.0,39.9
46,19.48,115.0,33.7
43,26.28,137.0,39.9
53,23.03,173.0,79.6
51,34.97,162.5,80.3
52,27.33,105.0,38.6
43,22.73,100.0,29.2
65,29.47,146.0,58.8
50,25.78,148.5,72.4
49,25.56,135.0,68.3
35,19.99,128.0,29.5
61,23.2,119.0,46.7
44,27.56,129.0,39.1
41,25.8,109.0,31.3
60,23.68,115.5,70.3
56,24.83,126.0,45.6
47,28.5,141.0,69.6
41,23.71,129.0,35.4
53,29.55,170.0,56.4
48,27.56,121.0,39.9
39,19.98,124.0,31.3
38,22.15,100.0,25.5
65,27.26,158.0,85.9
39,23.36,109.0,28.9
37,22.52,99.0,24.7
37,26.29,120.5,31.5
39,32.09,133.0,38.4
52,23.88,130.0,43.5
55,20.72,132.5,44.9
62,28.65,156.5,84.0
46,25.94,131.0,40.3
52,23.09,108.0,37.6
68,25.78,127.0,79.7
45,21.49,111.0,32.8
62,22.9,124.0,73.6
53,30.85,167.0,56.2
42,25.38,111.0,32.3
65,23.87,168.5,62.2
63,30.08,155.5,85.0
49,27.8,107.0,37.2
52,23.63,111.0,38.6
45,24.45,123.5,37.2
53,29.87,120.0,69.0
62,37.62,215.0,99.0
40,24.63,110.0,30.4
57,25.94,192.5,88.4
41,24.35,135.0,37.2
37,26.0,111.0,29.0
46,20.84,106.0,32.0
38,31.08,149.0,41.3
48,21.47,110.0,34.7
62,30.51,137.0,54.9
55,32.27,172.5,84.5
68,33.52,130.0,58.5
45,27.25,130.0,39.9
58,21.65,124.0,45.3
46,21.96,102.0,31.5
43,17.84,104.5,53.4
43,26.01,133.0,38.8
38,22.73,120.5,30.8
64,21.99,151.0,56.3
67,26.05,169.0,64.6
45,30.92,111.0,36.6
37,26.71,130.0,34.1
45,26.63,157.0,46.4
48,25.1,147.5,70.5
61,26.88,123.0,49.2
52,32.52,130.0,71.9
64,24.01,172.0,62.4
57,31.82,148.0,54.6
45,26.6,144.0,43.1
46,22.02,124.0,62.0
46,26.84,135.0,41.7
38,22.17,110.0,53.0
56,17.68,147.0,73.0
59,29.41,160.0,58.1
48,24.41,140.0,43.4
61,24.93,127.0,49.4
40,22.66,120.0,32.1
41,18.76,111.5,29.1
45,27.45,120.0,37.5
59,25.01,117.0,45.6
58,28.89,188.0,64.2
47,26.09,152.5,71.5
39,21.8,112.0,29.0
65,23.14,106.0,46.3
37,32.35,127.0,35.6
40,25.41,128.0,35.2
53,28.92,165.0,54.9
38,19.76,105.0,25.8
57,25.45,164.0,56.1
42,22.04,119.0,33.0
39,21.33,100.5,26.0
39,20.24,110.0,27.9
65,25.12,139.0,55.3
46,27.27,110.0,35.6
58,25.98,128.0,48.0
68,29.54,128.0,56.4
40,40.38,150.0,46.7
38,21.19,116.5,29.2
55,26.41,134.0,47.6
52,29.6,155.0,52.0
63,26.91,166.0,61.4
54,27.2,173.0,56.9
44,26.97,130.0,39.1
47,27.13,137.0,68.0
42,27.35,112.0,33.3
59,26.0,187.0,63.5
55,24.73,116.0,42.4
40,22.01,139.0,36.6
43,26.59,141.0,41.0
43,28.31,127.5,38.3
36,23.07,122.0,29.9
56,21.88,173.0,56.2
52,37.58,129.0,48.7
62,23.35,138.5,52.4
44,27.42,130.0,39.3
63,23.1,92.5,66.5
57,31.01,143.0,53.1
38,28.61,114.0,31.5
38,23.85,110.0,28.6
38,25.94,131.5,34.9
59,27.14,151.5,55.0
52,29.56,157.0,52.5
39,27.27,109.0,30.5
35,20.32,131.5,30.5
61,51.28,194.0,76.7
67,22.71,170.0,88.5
56,25.48,130.5,47.0
55,28.9,153.0,53.3
48,29.79,132.0,43.5
51,23.17,150.0,47.5
43,22.72,133.0,37.4
40,23.92,130.5,35.2
46,26.83,118.0,37.4
62,31.42,144.0,82.0
35,20.86,121.5,28.2
49,24.3,150.0,46.5
49,31.47,116.0,40.9
47,26.58,126.5,40.2
45,21.25,93.5,28.4
39,19.71,126.5,31.8
51,20.12,125.0,40.0
51,25.29,152.0,48.8
55,22.62,132.0,45.5
57,32.31,152.5,55.9
52,30.12,145.0,74.7
41,25.87,111.0,31.8
48,20.42,124.5,37.9
48,26.18,111.5,36.9
47,26.32,126.0,64.9
53,38.94,137.0,51.9
44,33.99,174.0,52.9
63,21.99,110.0,70.4
59,27.27,150.0,54.7
41,25.48,118.0,33.4
41,27.68,141.0,65.0
39,25.74,177.5,47.0
40,25.74,117.0,32.5
50,24.77,120.0,39.9
39,24.43,105.0,28.3
66,23.48,161.0,85.8
52,31.92,125.0,45.4
39,16.73,125.0,30.2
56,21.75,144.0,48.9
64,28.82,102.5,47.0
42,30.13,129.5,63.8
42,19.93,120.5,32.5
54,23.26,96.0,36.1
43,25.23,112.5,33.3
64,24.9,176.0,63.8
56,25.38,120.0,44.4
62,28.55,146.0,81.3
64,26.51,147.0,57.2
43,21.38,126.0,35.2
56,26.36,169.0,57.0
46,19.37,157.0,44.2
61,20.72,110.0,43.5
44,21.67,120.0,59.5
55,23.05,125.0,44.0
61,31.64,207.0,72.1
54,24.96,136.5,46.9
41,28.6,145.0,41.4
51,22.46,113.0,37.9
35,24.08,100.0,24.1
46,29.29,129.0,41.2
51,22.62,110.0,37.2
51,25.73,122.0,41.5
35,29.22,107.5,28.1
55,26.45,131.0,46.8
39,21.01,129.0,33.0
43,19.83,101.0,28.3
40,28.18,122.0,34.8
54,37.3,153.0,56.0
41,21.28,118.0,31.7
46,35.13,119.0,41.0
44,30.98,132.5,41.3
37,21.8,111.0,27.4
54,25.59,133.0,46.3
46,28.61,110.0,36.1
58,41.66,165.0,63.5
46,27.42,122.5,38.8
53,27.87,116.0,42.2
39,22.04,126.0,32.6
52,24.22,142.0,46.6
40,23.09,115.0,31.0
46,27.86,135.0,42.1
40,27.38,131.0,36.7
64,24.94,141.0,55.0
48,21.84,118.0,36.8
44,24.56,123.0,36.4
40,22.14,97.0,26.1
39,22.66,118.0,30.9
55,26.99,140.0,49.3
38,27.68,108.0,29.7
62,26.15,129.0,51.1
39,21.99,115.0,29.8
63,25.91,125.0,50.7
43,26.0,140.0,40.5
55,24.51,107.0,40.1
53,22.26,136.0,45.0
60,29.89,157.0,83.2
45,24.32,147.0,43.0
48,27.24,133.0,67.7
46,26.13,162.5,48.3
55,26.79,130.0,46.7
36,28.3,143.0,37.3
44,19.28,107.0,30.3
60,28.63,173.0,61.7
34,25.67,108.5,26.2
40,23.48,130.0,34.9
40,25.09,112.0,31.0
49,27.87,112.5,38.6
40,19.98,130.0,33.5
52,28.18,159.0,77.4
58,27.97,185.5,63.2
46,22.91,129.0,38.6
39,20.68,103.0,26.3
52,22.18,126.0,66.8
66,25.29,213.0,74.6
56,25.71,160.0,54.5
44,27.93,175.0,50.7
56,23.38,111.5,66.4
39,34.84,129.5,38.6
56,27.81,124.0,46.3
46,18.1,110.0,31.9
37,22.52,118.0,29.4
59,23.72,148.0,52.8
47,20.7,150.0,43.7
50,21.55,97.5,33.0
41,27.63,124.0,35.8
39,27.48,104.0,29.3
44,18.63,107.0,30.0
48,25.85,127.0,40.7
44,25.43,115.0,34.7
44,28.15,130.0,39.6
57,25.15,157.0,79.2
48,23.03,192.5,80.9
55,28.45,176.0,58.9
38,24.57,121.0,31.7
44,25.81,118.5,35.7
61,24.69,112.0,45.6
46,24.28,142.5,42.5
41,20.96,107.0,28.8
53,21.31,116.0,39.6
47,26.4,117.0,37.7
42,24.01,130.0,36.5
42,28.94,133.5,64.4
51,26.68,135.0,45.1
40,28.35,158.0,43.8
52,26.81,140.0,47.1
53,27.75,109.0,40.4
51,20.09,118.0,38.2
40,22.72,136.0,36.1
63,26.18,192.5,92.7
61,29.5,200.0,94.5
43,25.46,115.0,34.0
42,28.47,120.0,35.8
62,24.02,104.0,44.0
36,22.16,116.0,28.1
63,26.92,128.0,51.9
47,31.98,137.5,45.1
46,27.72,115.0,37.0
54,29.94,187.0,61.5
58,35.19,121.0,49.9
55,23.46,133.5,71.3
56,27.35,126.0,46.6
47,27.4,143.0,44.6
64,20.49,149.5,55.4
51,22.01,151.0,47.3
43,23.99,116.0,33.7
40,18.84,93.0,23.8
46,27.27,125.0,39.4
64,20.45,121.0,73.2
60,28.59,140.5,53.6
56,27.73,136.0,74.3
54,23.71,152.0,50.3
37,22.16,113.0,28.0
61,22.02,122.0,47.0
69,26.58,123.0,79.7
56,29.59,134.0,49.5
50,28.67,130.0,44.0
51,22.19,123.0,40.3
38,22.01,142.0,35.9
43,25.09,110.0,32.6
46,33.02,176.0,54.4
43,20.12,104.0,29.1
56,26.89,158.0,54.5
54,26.38,146.5,75.0
45,27.34,139.0,42.2
61,33.9,141.0,81.5
49,26.17,108.0,36.8
64,21.32,142.0,53.8
65,19.76,115.0,47.2
63,24.16,190.0,91.3
40,26.68,149.0,40.9
47,26.25,146.5,45.0
37,21.03,137.0,33.6
51,21.51,122.0,64.8
40,25.82,127.0,35.1
55,26.27,145.0,50.3
69,26.64,179.0,68.7
51,26.35,206.0,87.7
57,22.9,108.5,41.2
64,33.37,164.0,89.1
38,28.12,124.0,33.8
48,28.54,155.0,48.8
53,20.54,114.0,38.8
57,24.15,147.5,51.4
45,21.26,125.0,36.3
57,27.14,120.0,45.8
57,38.17,170.0,62.7
39,20.62,97.5,24.9
46,32.47,134.0,43.7
42,25.75,115.0,33.5
42,24.05,128.0,36.0
42,33.19,118.0,37.2
67,24.92,144.0,57.9
53,25.29,122.5,42.8
49,26.29,135.0,43.6
48,28.13,118.0,39.4
47,27.51,162.0,49.4
55,27.73,105.0,40.8
59,24.17,131.5,73.8
55,28.82,144.0,51.0
42,21.48,103.0,28.7
48,25.11,128.0,40.6
42,22.54,108.0,30.4
55,22.54,136.0,46.5
62,22.91,127.5,49.4
36,27.86,103.0,27.1
57,35.19,147.0,55.7
41,26.95,101.0,29.7
52,26.6,157.5,51.4
47,19.14,126.0,62.1
38,27.16,99.0,27.2
61,24.4,125.5,48.8
69,26.27,143.0,59.6
62,24.88,135.0,52.1
56,24.99,112.5,42.3
37,22.81,109.0,27.3
47,23.78,127.5,39.3
65,24.3,118.5,74.8
39,19.0,136.0,33.9
44,25.74,130.0,38.6
57,29.02,133.0,49.8
45,26.79,106.0,33.7
62,35.16,180.0,67.5
38,21.83,101.0,25.6
41,20.85,105.0,28.3
41,27.13,125.0,60.8
58,27.91,154.5,55.4
54,31.98,210.0,68.1
51,25.98,129.5,43.5
52,25.64,107.0,38.4
41,21.99,111.0,30.2
52,20.78,121.5,40.1
41,28.62,132.5,38.3
54,25.43,137.5,47.3
43,26.64,129.0,38.0
38,25.85,121.0,32.2
65,26.36,157.0,60.3
37,25.09,118.5,30.6
44,30.03,137.5,42.2
58,27.04,116.5,45.5
49,19.22,106.0,33.5
42,18.68,143.0,37.6
44,23.98,110.0,57.9
54,20.88,117.0,65.4
41,36.07,150.0,45.6
37,20.02,101.0,24.2
45,27.11,129.0,64.6
63,27.96,195.0,94.0
65,19.34,179.0,88.0
40,22.9,124.0,33.2
46,24.62,116.0,36.0
63,25.49,170.0,61.8
52,29.64,157.5,52.6
61,25.31,133.0,76.1
38,26.87,115.0,31.1
62,24.35,130.0,50.6
42,27.01,160.5,45.3
63,30.48,146.0,57.8
38,22.01,142.0,35.9
46,31.02,136.0,43.6
43,24.08,103.0,30.5
61,23.06,124.0,72.9
51,25.74,152.0,49.0
65,28.06,135.0,55.5
50,27.3,126.5,42.5
42,22.41,105.0,29.6
48,29.11,144.0,46.2
48,27.89,141.0,70.0
56,24.71,123.0,69.8
63,39.17,155.0,63.5
59,22.18,125.0,46.4
63,25.23,167.0,60.9
52,26.91,137.5,46.5
48,22.37,125.0,38.8
60,21.18,128.0,72.5
50,21.85,119.0,63.5
53,26.7,188.0,59.8
56,21.68,149.0,75.1
47,25.23,120.0,38.0
45,24.24,137.5,40.6
58,26.05,125.5,72.4
43,25.62,129.5,37.7
50,43.67,190.0,65.0
51,25.6,140.0,45.9
56,22.89,170.0,55.9
58,24.96,141.0,50.8
68,23.14,168.0,88.9
50,25.97,179.0,80.1
51,19.71,126.5,40.2
48,22.0,131.0,40.1
44,19.16,126.5,35.1
52,21.47,133.5,43.4
40,25.6,141.0,38.5
39,20.91,133.0,33.9
